timestamp,location,latitude,longitude,AQI,PM2.5,PM10,NO2,SO2,CO,O3,temperature,humidity,wind_speed,wind_direction,atmospheric_pressure,rainfall
2026-09-02T00:00:00Z,Delhi,28.6139,77.209,425,280.5,471.3,79.5,18.0,2.76,19.6,21.5,78.9,3.2,304.5,1011.8,0.0
2026-09-02T01:00:00Z,Delhi,28.6139,77.209,407,259.4,438.1,50.0,16.2,1.74,16.8,20.0,82.9,2.2,303.9,1011.5,0.0
2026-09-02T02:00:00Z,Delhi,28.6139,77.209,411,264.1,447.7,49.9,16.1,1.73,19.2,20.7,84.2,2.4,309.8,1011.3,0.0
2026-09-02T03:00:00Z,Delhi,28.6139,77.209,419,271.6,461.4,50.6,16.4,1.76,16.4,21.0,82.5,2.5,314.8,1010.4,0.0
2026-09-02T04:00:00Z,Delhi,28.6139,77.209,461,313.9,533.8,58.2,18.8,2.02,17.5,21.9,81.8,4.2,307.1,1009.9,0.0
2026-09-02T05:00:00Z,Delhi,28.6139,77.209,447,300.0,509.8,79.9,18.1,2.77,16.2,22.3,79.8,4.6,306.1,1009.5,0.0
2026-09-02T06:00:00Z,Delhi,28.6139,77.209,398,247.9,420.3,72.7,16.7,2.53,18.5,23.1,72.9,4.4,289.7,1009.1,0.0
2026-09-02T07:00:00Z,Delhi,28.6139,77.209,406,257.6,435.1,77.2,17.7,2.69,18.4,24.7,68.5,5.8,286.5,1009.7,0.0
2026-09-02T08:00:00Z,Delhi,28.6139,77.209,356,192.3,323.2,98.7,17.2,3.48,27.9,26.0,65.1,6.8,285.1,1010.2,0.0
2026-09-02T09:00:00Z,Delhi,28.6139,77.209,344,176.4,294.5,93.7,16.3,3.3,37.2,28.3,60.5,9.2,279.0,1010.2,0.0
2026-09-02T10:00:00Z,Delhi,28.6139,77.209,340,172.1,285.2,94.9,16.5,3.35,49.8,29.0,56.2,10.5,278.3,1011.2,0.0
2026-09-02T11:00:00Z,Delhi,28.6139,77.209,339,170.5,280.2,72.5,17.0,2.55,60.1,30.7,48.7,10.2,281.7,1011.4,0.0
2026-09-02T12:00:00Z,Delhi,28.6139,77.209,323,150.1,244.8,66.3,15.6,2.34,62.7,31.5,45.3,12.4,280.2,1011.5,0.0
2026-09-02T13:00:00Z,Delhi,28.6139,77.209,338,168.9,273.2,77.2,18.1,2.72,63.8,32.5,46.1,11.7,271.8,1011.5,0.0
2026-09-02T14:00:00Z,Delhi,28.6139,77.209,326,153.2,246.2,71.9,16.9,2.53,59.3,33.3,45.8,11.0,286.4,1011.2,0.0
2026-09-02T15:00:00Z,Delhi,28.6139,77.209,330,158.6,254.0,75.8,17.8,2.67,53.6,32.5,42.7,11.7,283.5,1010.8,0.0
2026-09-02T16:00:00Z,Delhi,28.6139,77.209,325,152.1,243.1,73.1,17.2,2.58,43.7,31.7,45.1,12.2,294.9,1009.8,0.0
2026-09-02T17:00:00Z,Delhi,28.6139,77.209,314,137.7,220.4,65.8,15.5,2.32,29.4,30.2,51.2,10.8,296.7,1009.5,0.0
2026-09-02T18:00:00Z,Delhi,28.6139,77.209,317,141.5,227.5,96.3,15.6,3.4,19.5,28.7,56.1,10.5,301.6,1009.2,0.0
2026-09-02T19:00:00Z,Delhi,28.6139,77.209,333,163.1,263.9,108.1,17.5,3.81,16.5,28.8,56.8,8.6,290.3,1009.6,0.0
2026-09-02T20:00:00Z,Delhi,28.6139,77.209,327,154.4,251.7,98.9,16.0,3.49,18.2,26.5,64.2,7.0,309.9,1009.9,0.0
2026-09-02T21:00:00Z,Delhi,28.6139,77.209,336,166.5,273.8,102.6,16.6,3.62,18.1,25.3,67.7,6.0,315.5,1010.6,0.0
2026-09-02T22:00:00Z,Delhi,28.6139,77.209,375,217.3,360.1,72.0,16.5,2.51,16.3,22.9,72.6,4.9,309.8,1010.9,0.0
2026-09-02T23:00:00Z,Delhi,28.6139,77.209,403,252.6,421.6,74.1,16.8,2.57,18.7,22.5,76.8,5.1,316.7,1011.3,0.0
2026-09-03T00:00:00Z,Delhi,28.6139,77.209,430,285.2,479.2,80.9,18.3,2.8,19.2,20.8,79.5,4.5,311.4,1011.7,0.0
2026-09-03T01:00:00Z,Delhi,28.6139,77.209,437,291.0,491.4,56.1,18.2,1.95,18.7,20.2,81.3,3.0,308.0,1011.5,0.0
2026-09-03T02:00:00Z,Delhi,28.6139,77.209,422,275.2,466.5,52.0,16.8,1.8,16.8,21.3,82.0,2.8,304.8,1011.3,0.0
2026-09-03T03:00:00Z,Delhi,28.6139,77.209,435,287.9,489.1,53.7,17.4,1.86,19.4,20.6,82.9,2.7,300.6,1010.8,0.0
2026-09-03T04:00:00Z,Delhi,28.6139,77.209,459,311.7,530.0,57.8,18.7,2.01,19.4,21.4,79.1,4.6,309.2,1010.2,0.0
2026-09-03T05:00:00Z,Delhi,28.6139,77.209,432,284.9,484.1,75.9,17.2,2.63,19.9,21.7,78.1,3.7,296.9,1009.2,0.0
2026-09-03T06:00:00Z,Delhi,28.6139,77.209,456,309.4,524.6,83.5,18.9,2.89,18.2,23.1,75.4,5.2,293.5,1009.6,0.0
2026-09-03T07:00:00Z,Delhi,28.6139,77.209,403,253.3,427.9,75.9,17.4,2.65,19.0,25.3,67.5,5.9,300.5,1009.5,0.0
2026-09-03T08:00:00Z,Delhi,28.6139,77.209,363,202.0,339.4,103.6,18.0,3.65,26.1,25.8,64.4,7.5,294.6,1009.7,0.0
2026-09-03T09:00:00Z,Delhi,28.6139,77.209,356,193.1,322.5,102.6,17.8,3.61,37.5,27.6,59.3,9.0,279.1,1010.3,0.0
2026-09-03T10:00:00Z,Delhi,28.6139,77.209,352,187.2,310.2,103.2,18.0,3.64,47.7,29.7,54.6,9.6,283.7,1011.1,0.0
2026-09-03T11:00:00Z,Delhi,28.6139,77.209,333,163.3,268.4,69.4,16.3,2.45,59.6,31.1,48.6,10.5,283.9,1011.4,0.0
2026-09-03T12:00:00Z,Delhi,28.6139,77.209,327,154.4,251.8,68.2,16.0,2.4,62.5,31.0,46.5,12.4,289.9,1011.4,0.0
2026-09-03T13:00:00Z,Delhi,28.6139,77.209,335,164.8,266.6,75.3,17.7,2.65,64.2,33.0,46.6,12.6,277.9,1011.3,0.0
2026-09-03T14:00:00Z,Delhi,28.6139,77.209,321,147.4,236.9,69.2,16.3,2.44,60.5,32.7,46.4,12.3,272.2,1011.3,0.0
2026-09-03T15:00:00Z,Delhi,28.6139,77.209,319,144.2,230.9,68.9,16.2,2.43,54.8,33.0,42.9,11.1,276.5,1010.5,0.0
2026-09-03T16:00:00Z,Delhi,28.6139,77.209,330,158.4,253.2,76.1,17.9,2.68,44.7,32.0,45.2,11.7,282.8,1009.9,0.0
2026-09-03T17:00:00Z,Delhi,28.6139,77.209,325,152.9,244.8,73.1,17.2,2.58,29.5,30.1,49.5,10.2,281.2,1009.6,0.0
2026-09-03T18:00:00Z,Delhi,28.6139,77.209,332,161.6,259.8,110.0,17.8,3.88,19.6,29.9,54.3,9.6,285.2,1009.0,0.0
2026-09-03T19:00:00Z,Delhi,28.6139,77.209,324,151.6,245.3,100.5,16.3,3.54,19.6,28.1,60.5,8.8,291.8,1009.2,0.0
2026-09-03T20:00:00Z,Delhi,28.6139,77.209,324,151.6,247.1,97.1,15.7,3.42,19.1,27.0,65.8,8.3,296.7,1009.7,0.0
2026-09-03T21:00:00Z,Delhi,28.6139,77.209,345,178.0,292.6,109.7,17.8,3.87,19.9,25.6,68.7,6.6,298.7,1010.8,0.0
2026-09-03T22:00:00Z,Delhi,28.6139,77.209,415,271.2,449.5,82.7,18.7,2.87,19.2,24.0,75.9,4.3,312.7,1011.0,0.0
2026-09-03T23:00:00Z,Delhi,28.6139,77.209,422,279.3,466.3,82.0,18.6,2.84,19.4,22.8,79.7,3.9,315.2,1011.3,0.0
2026-09-04T00:00:00Z,Delhi,28.6139,77.209,408,260.9,438.4,74.0,16.8,2.57,16.1,20.9,82.9,3.5,306.1,1011.9,0.0
2026-09-04T01:00:00Z,Delhi,28.6139,77.209,433,287.0,484.8,55.4,17.9,1.92,17.6,20.2,82.5,3.9,318.8,1011.4,0.0
2026-09-04T02:00:00Z,Delhi,28.6139,77.209,419,272.0,461.1,51.4,16.6,1.78,19.9,21.3,84.2,3.9,300.3,1011.4,0.0
2026-09-04T03:00:00Z,Delhi,28.6139,77.209,443,295.5,502.0,55.1,17.8,1.91,18.0,20.3,81.4,3.0,310.2,1010.4,0.0
2026-09-04T04:00:00Z,Delhi,28.6139,77.209,459,311.7,530.0,57.8,18.7,2.01,18.2,21.1,81.7,3.1,306.7,1009.6,0.0
2026-09-04T05:00:00Z,Delhi,28.6139,77.209,446,298.1,506.6,79.4,18.0,2.75,17.3,22.6,79.4,4.7,296.2,1009.2,0.0
2026-09-04T06:00:00Z,Delhi,28.6139,77.209,429,282.5,478.9,76.2,17.3,2.64,17.6,23.2,75.7,5.7,291.0,1009.2,0.0
2026-09-04T07:00:00Z,Delhi,28.6139,77.209,366,206.0,348.0,76.1,17.9,2.68,18.5,24.6,67.3,6.2,299.9,1009.6,0.0
2026-09-04T08:00:00Z,Delhi,28.6139,77.209,354,190.5,320.1,97.8,17.0,3.45,28.4,26.2,64.2,6.5,283.2,1009.9,0.0
2026-09-04T09:00:00Z,Delhi,28.6139,77.209,354,190.4,317.9,101.1,17.6,3.56,37.5,28.0,58.5,8.1,283.9,1010.7,0.0
2026-09-04T10:00:00Z,Delhi,28.6139,77.209,348,182.0,301.7,100.4,17.5,3.54,49.8,28.8,54.1,10.0,278.7,1011.3,0.0
2026-09-04T11:00:00Z,Delhi,28.6139,77.209,344,177.6,292.0,75.5,17.7,2.66,57.0,30.3,48.4,9.7,275.4,1011.5,0.0
2026-09-04T12:00:00Z,Delhi,28.6139,77.209,327,155.2,253.1,68.6,16.1,2.42,63.6,31.6,47.3,10.8,283.9,1011.7,0.0
2026-09-04T13:00:00Z,Delhi,28.6139,77.209,322,148.3,240.0,67.8,15.9,2.39,65.7,31.5,45.9,12.4,272.6,1011.5,0.0
2026-09-04T14:00:00Z,Delhi,28.6139,77.209,331,159.6,256.6,74.9,17.6,2.64,63.1,32.5,41.8,11.5,289.0,1011.1,0.0
2026-09-04T15:00:00Z,Delhi,28.6139,77.209,327,154.9,248.0,74.0,17.4,2.61,53.4,33.1,45.2,12.7,292.2,1010.6,0.0
2026-09-04T16:00:00Z,Delhi,28.6139,77.209,318,143.0,228.6,68.7,16.2,2.42,41.7,32.2,46.9,12.2,292.4,1009.9,0.0
2026-09-04T17:00:00Z,Delhi,28.6139,77.209,315,139.5,223.4,66.7,15.7,2.35,29.3,31.0,51.2,10.7,293.7,1009.3,0.0
2026-09-04T18:00:00Z,Delhi,28.6139,77.209,329,157.0,252.4,106.9,17.3,3.77,18.8,29.1,53.1,9.8,287.8,1009.1,0.0
2026-09-04T19:00:00Z,Delhi,28.6139,77.209,327,154.4,249.9,102.4,16.6,3.61,19.6,27.4,58.4,8.7,297.2,1009.3,0.0
2026-09-04T20:00:00Z,Delhi,28.6139,77.209,323,149.1,243.0,95.5,15.5,3.37,17.4,26.6,65.0,8.2,307.8,1009.8,0.0
2026-09-04T21:00:00Z,Delhi,28.6139,77.209,338,169.4,278.5,104.4,16.9,3.68,18.4,25.4,70.9,7.2,304.0,1010.6,0.0
2026-09-04T22:00:00Z,Delhi,28.6139,77.209,388,234.0,387.8,77.6,17.8,2.7,17.6,23.1,72.6,5.1,298.6,1011.0,0.0
2026-09-04T23:00:00Z,Delhi,28.6139,77.209,407,259.1,432.6,76.0,17.2,2.64,18.3,21.7,78.0,3.6,311.9,1011.3,0.0
2026-09-05T00:00:00Z,Delhi,28.6139,77.209,412,267.5,449.5,75.9,17.2,2.63,16.8,20.5,82.0,2.9,309.2,1011.4,0.0
2026-09-05T01:00:00Z,Delhi,28.6139,77.209,416,269.5,455.2,52.0,16.8,1.8,16.3,20.4,84.6,2.9,314.5,1011.7,0.0
2026-09-05T02:00:00Z,Delhi,28.6139,77.209,446,299.6,507.9,56.6,18.3,1.96,18.6,19.7,84.2,4.0,305.0,1011.2,0.0
2026-09-05T03:00:00Z,Delhi,28.6139,77.209,421,273.1,464.1,50.9,16.5,1.77,18.7,21.1,85.6,2.6,296.0,1010.3,0.0
2026-09-05T04:00:00Z,Delhi,28.6139,77.209,444,296.8,504.7,55.1,17.8,1.91,19.0,21.4,79.9,4.0,307.8,1009.7,0.0
2026-09-05T05:00:00Z,Delhi,28.6139,77.209,429,281.8,478.8,75.0,17.0,2.6,18.7,21.6,79.7,5.2,291.0,1009.2,0.0
2026-09-05T06:00:00Z,Delhi,28.6139,77.209,409,262.3,444.6,76.9,17.6,2.68,16.4,24.2,73.5,5.7,286.5,1009.4,0.0
2026-09-05T07:00:00Z,Delhi,28.6139,77.209,363,202.3,341.7,74.7,17.6,2.63,17.4,25.4,70.9,6.5,283.5,1009.8,0.0
2026-09-05T08:00:00Z,Delhi,28.6139,77.209,360,197.8,332.4,101.5,17.7,3.58,26.4,26.4,63.4,7.5,284.3,1010.1,0.0
2026-09-05T09:00:00Z,Delhi,28.6139,77.209,353,188.6,314.9,100.1,17.4,3.53,40.3,28.8,59.5,9.3,288.5,1010.5,0.0
2026-09-05T10:00:00Z,Delhi,28.6139,77.209,347,181.5,300.7,100.1,17.4,3.53,47.5,29.1,55.5,9.8,281.7,1011.1,0.0
2026-09-05T11:00:00Z,Delhi,28.6139,77.209,337,167.3,274.9,71.1,16.7,2.51,57.4,31.3,51.5,9.9,288.1,1011.4,0.0
2026-09-05T12:00:00Z,Delhi,28.6139,77.209,338,169.6,276.5,74.9,17.6,2.64,64.2,31.5,44.3,12.1,273.6,1011.5,0.0
2026-09-05T13:00:00Z,Delhi,28.6139,77.209,320,146.1,236.3,66.8,15.7,2.35,64.8,32.9,45.7,11.4,270.7,1011.8,0.0
2026-09-05T14:00:00Z,Delhi,28.6139,77.209,330,159.4,256.3,74.9,17.6,2.64,58.8,32.5,45.3,12.4,284.9,1011.1,0.0
2026-09-05T15:00:00Z,Delhi,28.6139,77.209,324,150.4,240.8,71.9,16.9,2.53,52.8,31.9,45.6,11.5,286.0,1010.5,0.0
2026-09-05T16:00:00Z,Delhi,28.6139,77.209,243,103.2,165.1,64.6,15.6,2.3,41.6,32.1,45.8,11.8,282.9,1009.8,1.5
2026-09-05T17:00:00Z,Delhi,28.6139,77.209,136,71.2,114.0,69.1,17.1,2.5,30.2,30.8,51.2,10.1,285.4,1009.5,3.1
2026-09-05T18:00:00Z,Delhi,28.6139,77.209,300,120.0,193.0,100.1,16.5,3.56,17.1,29.2,52.0,9.1,289.5,1009.1,1.2
2026-09-05T19:00:00Z,Delhi,28.6139,77.209,202,91.2,147.5,100.9,17.0,3.62,18.3,28.8,59.1,9.1,291.4,1009.7,2.5
2026-09-05T20:00:00Z,Delhi,28.6139,77.209,332,161.3,263.0,103.3,16.7,3.64,19.3,26.5,63.7,6.9,293.5,1010.2,0.0
2026-09-05T21:00:00Z,Delhi,28.6139,77.209,339,169.9,279.3,104.7,17.0,3.69,17.2,24.8,67.0,6.6,296.7,1010.3,0.0
2026-09-05T22:00:00Z,Delhi,28.6139,77.209,375,217.5,360.5,72.1,16.5,2.51,18.1,24.3,72.1,5.8,310.1,1011.3,0.0
2026-09-05T23:00:00Z,Delhi,28.6139,77.209,413,268.7,448.6,78.8,17.9,2.73,18.4,22.2,77.9,5.0,319.3,1011.4,0.0
2026-09-06T00:00:00Z,Delhi,28.6139,77.209,406,257.8,433.2,73.1,16.6,2.53,16.7,21.7,83.6,3.0,304.2,1011.8,0.0
2026-09-06T01:00:00Z,Delhi,28.6139,77.209,415,268.6,453.7,51.8,16.8,1.8,18.8,20.0,80.8,3.1,311.4,1011.4,0.0
2026-09-06T02:00:00Z,Delhi,28.6139,77.209,439,292.5,495.8,55.2,17.9,1.91,18.6,20.8,83.8,3.4,316.5,1011.3,0.0
2026-09-06T03:00:00Z,Delhi,28.6139,77.209,453,305.7,519.4,57.0,18.4,1.98,16.3,21.4,82.9,3.2,308.6,1010.7,0.0
2026-09-06T04:00:00Z,Delhi,28.6139,77.209,422,274.3,466.4,50.9,16.5,1.76,18.8,20.8,80.4,4.1,303.9,1009.8,0.0
2026-09-06T05:00:00Z,Delhi,28.6139,77.209,417,269.1,457.3,71.7,16.2,2.48,17.7,22.6,80.4,4.3,298.8,1009.2,0.0
2026-09-06T06:00:00Z,Delhi,28.6139,77.209,408,260.1,441.0,76.3,17.5,2.66,19.8,23.2,72.8,4.4,304.2,1009.5,0.0
2026-09-06T07:00:00Z,Delhi,28.6139,77.209,401,250.4,423.0,75.0,17.2,2.62,18.6,25.7,70.0,5.9,281.9,1009.6,0.0
2026-09-06T08:00:00Z,Delhi,28.6139,77.209,343,175.8,295.4,90.2,15.7,3.18,27.5,27.2,62.4,7.7,290.2,1009.9,0.0
2026-09-06T09:00:00Z,Delhi,28.6139,77.209,343,175.6,293.2,93.3,16.2,3.29,40.2,27.8,59.7,9.4,281.0,1010.6,0.0
2026-09-06T10:00:00Z,Delhi,28.6139,77.209,353,188.2,311.8,103.8,18.1,3.66,48.6,30.0,54.3,9.7,278.3,1011.0,0.0
2026-09-06T11:00:00Z,Delhi,28.6139,77.209,331,159.8,262.7,67.9,16.0,2.39,55.9,30.8,52.3,11.0,281.4,1011.5,0.0
2026-09-06T12:00:00Z,Delhi,28.6139,77.209,341,173.0,282.0,76.4,17.9,2.69,62.7,32.1,47.3,11.9,274.1,1011.7,0.0
2026-09-06T13:00:00Z,Delhi,28.6139,77.209,322,147.9,239.3,67.6,15.9,2.38,66.0,32.6,42.8,12.8,282.7,1011.4,0.0
2026-09-06T14:00:00Z,Delhi,28.6139,77.209,318,142.9,229.8,67.1,15.8,2.37,63.7,32.6,42.0,13.0,290.3,1011.1,0.0
2026-09-06T15:00:00Z,Delhi,28.6139,77.209,332,161.1,258.0,77.0,18.1,2.71,52.0,32.3,45.8,11.9,279.9,1010.7,0.0
2026-09-06T16:00:00Z,Delhi,28.6139,77.209,329,157.4,251.7,75.7,17.8,2.67,42.1,31.8,46.1,12.2,287.7,1010.1,0.0
2026-09-06T17:00:00Z,Delhi,28.6139,77.209,319,144.4,231.3,69.0,16.2,2.43,29.6,31.2,49.4,11.6,291.3,1009.7,0.0
2026-09-06T18:00:00Z,Delhi,28.6139,77.209,322,148.5,238.7,101.1,16.4,3.56,18.2,29.6,56.5,9.7,288.0,1009.3,0.0
2026-09-06T19:00:00Z,Delhi,28.6139,77.209,330,158.2,256.0,104.9,17.0,3.7,16.9,28.1,58.6,8.3,292.7,1009.6,0.0
2026-09-06T20:00:00Z,Delhi,28.6139,77.209,330,158.9,259.1,101.8,16.5,3.59,18.7,26.9,61.7,8.0,306.6,1010.1,0.0
2026-09-06T21:00:00Z,Delhi,28.6139,77.209,339,170.6,280.5,105.2,17.0,3.71,19.5,25.5,71.6,6.3,296.3,1010.5,0.0
2026-09-06T22:00:00Z,Delhi,28.6139,77.209,380,224.2,371.6,74.3,17.0,2.59,18.6,24.1,73.7,5.3,307.1,1011.2,0.0
2026-09-06T23:00:00Z,Delhi,28.6139,77.209,414,269.9,450.6,79.2,17.9,2.75,19.4,21.7,78.0,5.3,306.3,1011.7,0.0
2026-09-07T00:00:00Z,Delhi,28.6139,77.209,429,284.1,477.4,80.6,18.2,2.79,19.5,21.9,83.1,3.4,306.3,1011.8,0.0
2026-09-07T01:00:00Z,Delhi,28.6139,77.209,437,291.7,492.7,56.3,18.2,1.95,17.7,20.0,81.2,3.4,317.9,1011.8,0.0
2026-09-07T02:00:00Z,Delhi,28.6139,77.209,452,305.2,517.4,57.6,18.7,2.0,16.2,19.9,84.7,3.7,306.9,1011.2,0.0
2026-09-07T03:00:00Z,Delhi,28.6139,77.209,441,293.6,498.8,54.7,17.7,1.9,19.2,21.2,82.3,2.9,298.5,1010.5,0.0
2026-09-07T04:00:00Z,Delhi,28.6139,77.209,459,311.1,529.0,57.7,18.7,2.0,16.6,20.8,79.2,4.3,304.9,1009.7,0.0
2026-09-07T05:00:00Z,Delhi,28.6139,77.209,456,309.2,525.3,82.3,18.6,2.85,18.7,22.2,76.9,3.8,289.1,1009.6,0.0
2026-09-07T06:00:00Z,Delhi,28.6139,77.209,404,253.9,430.5,74.5,17.1,2.6,17.0,23.0,73.7,4.9,296.8,1009.4,0.0
2026-09-07T07:00:00Z,Delhi,28.6139,77.209,358,195.8,330.7,72.3,17.0,2.55,18.3,25.5,67.7,6.1,290.8,1009.3,0.0
2026-09-07T08:00:00Z,Delhi,28.6139,77.209,354,190.1,319.4,97.5,17.0,3.44,28.8,27.3,63.0,8.5,290.7,1009.8,0.0
2026-09-07T09:00:00Z,Delhi,28.6139,77.209,343,175.6,293.1,93.2,16.2,3.29,40.6,28.4,56.6,8.9,284.3,1010.7,0.0
2026-09-07T10:00:00Z,Delhi,28.6139,77.209,347,181.2,300.3,99.9,17.4,3.52,50.1,29.7,53.3,10.0,284.4,1011.2,0.0
2026-09-07T11:00:00Z,Delhi,28.6139,77.209,336,166.6,273.9,70.8,16.6,2.5,57.8,31.3,50.5,11.5,283.4,1011.4,0.0
2026-09-07T12:00:00Z,Delhi,28.6139,77.209,325,152.3,248.4,67.3,15.8,2.37,64.8,32.1,44.6,11.0,284.9,1011.5,0.0
2026-09-07T13:00:00Z,Delhi,28.6139,77.209,334,164.6,266.2,75.2,17.7,2.65,64.4,33.0,44.8,12.7,287.1,1011.4,0.0
2026-09-07T14:00:00Z,Delhi,28.6139,77.209,318,143.5,230.7,67.4,15.8,2.38,62.4,33.0,45.2,11.7,274.3,1011.4,0.0
2026-09-07T15:00:00Z,Delhi,28.6139,77.209,320,146.4,234.4,70.0,16.4,2.47,54.2,32.9,45.8,12.8,293.7,1010.7,0.0
2026-09-07T16:00:00Z,Delhi,28.6139,77.209,324,150.8,241.0,72.5,17.0,2.55,44.0,30.9,46.9,11.3,291.0,1010.0,0.0
2026-09-07T17:00:00Z,Delhi,28.6139,77.209,324,151.1,241.9,72.2,17.0,2.54,32.4,31.4,47.9,10.1,281.6,1009.7,0.0
2026-09-07T18:00:00Z,Delhi,28.6139,77.209,323,150.0,241.2,102.2,16.6,3.6,16.6,29.1,51.8,10.4,303.2,1009.2,0.0
2026-09-07T19:00:00Z,Delhi,28.6139,77.209,321,147.3,238.3,97.6,15.8,3.44,17.8,28.8,57.8,8.6,290.8,1009.7,0.0
2026-09-07T20:00:00Z,Delhi,28.6139,77.209,325,152.9,249.3,97.9,15.9,3.45,17.7,26.8,65.2,8.4,300.9,1010.0,0.0
2026-09-07T21:00:00Z,Delhi,28.6139,77.209,327,154.7,254.3,101.4,16.5,3.58,19.8,24.3,69.1,6.2,314.6,1010.2,0.4
2026-09-07T22:00:00Z,Delhi,28.6139,77.209,379,222.4,368.5,73.7,16.9,2.57,17.6,24.1,72.0,5.6,308.9,1011.4,0.0
2026-09-07T23:00:00Z,Delhi,28.6139,77.209,414,269.6,450.1,79.1,17.9,2.74,18.4,21.8,76.3,5.0,308.6,1011.6,0.0
2026-09-08T00:00:00Z,Delhi,28.6139,77.209,404,254.0,426.7,72.0,16.3,2.5,19.1,20.5,82.8,3.1,302.5,1011.7,0.0
2026-09-08T01:00:00Z,Delhi,28.6139,77.209,444,298.7,504.4,57.6,18.6,2.0,16.0,20.2,81.9,3.9,306.1,1011.3,0.0
2026-09-08T02:00:00Z,Delhi,28.6139,77.209,441,294.1,498.6,55.5,18.0,1.93,16.1,21.1,82.2,2.3,303.0,1010.9,0.0
2026-09-08T03:00:00Z,Delhi,28.6139,77.209,417,269.7,458.3,50.3,16.3,1.74,19.0,19.9,84.8,2.6,302.1,1010.3,0.0
2026-09-08T04:00:00Z,Delhi,28.6139,77.209,421,273.6,465.2,50.8,16.4,1.76,18.0,21.3,82.5,3.6,308.1,1009.9,0.0
2026-09-08T05:00:00Z,Delhi,28.6139,77.209,436,288.6,490.3,76.8,17.4,2.66,19.9,23.0,75.9,4.9,306.2,1009.5,0.0
2026-09-08T06:00:00Z,Delhi,28.6139,77.209,421,273.9,464.3,80.3,18.4,2.8,16.3,22.8,73.9,5.1,298.7,1009.3,0.0
2026-09-08T07:00:00Z,Delhi,28.6139,77.209,403,253.6,428.3,76.0,17.4,2.65,17.3,24.3,69.7,5.5,286.6,1009.5,0.0
2026-09-08T08:00:00Z,Delhi,28.6139,77.209,357,194.2,326.3,99.6,17.3,3.51,29.2,27.3,64.2,7.4,289.6,1009.7,0.0
2026-09-08T09:00:00Z,Delhi,28.6139,77.209,342,173.9,290.3,92.3,16.1,3.25,37.6,28.3,60.2,9.1,278.7,1010.5,0.0
2026-09-08T10:00:00Z,Delhi,28.6139,77.209,340,171.5,284.2,94.6,16.5,3.33,48.0,29.4,53.6,8.9,280.5,1011.2,0.0
2026-09-08T11:00:00Z,Delhi,28.6139,77.209,342,174.6,287.1,74.2,17.4,2.62,60.4,31.4,47.7,11.3,272.4,1011.3,0.0
2026-09-08T12:00:00Z,Delhi,28.6139,77.209,329,158.1,257.7,69.8,16.4,2.46,63.8,31.8,47.1,11.5,276.6,1011.5,0.0
2026-09-08T13:00:00Z,Delhi,28.6139,77.209,325,152.7,247.1,69.8,16.4,2.46,63.8,32.7,46.5,12.3,289.9,1011.6,0.0
2026-09-08T14:00:00Z,Delhi,28.6139,77.209,322,149.0,239.6,70.0,16.4,2.47,61.8,32.0,44.8,11.4,274.2,1011.3,0.0
2026-09-08T15:00:00Z,Delhi,28.6139,77.209,325,152.4,243.9,72.8,17.1,2.57,53.4,32.4,46.2,12.5,293.9,1010.7,0.0
2026-09-08T16:00:00Z,Delhi,28.6139,77.209,326,153.6,245.5,73.8,17.3,2.6,41.3,30.9,48.8,12.1,282.8,1009.7,0.0
2026-09-08T17:00:00Z,Delhi,28.6139,77.209,316,141.1,225.9,67.4,15.8,2.38,31.3,30.5,47.4,11.4,292.4,1009.4,0.0
2026-09-08T18:00:00Z,Delhi,28.6139,77.209,323,149.1,239.7,101.5,16.5,3.58,18.9,28.7,55.2,9.2,293.4,1009.2,0.0
2026-09-08T19:00:00Z,Delhi,28.6139,77.209,330,159.4,257.9,105.6,17.1,3.72,18.7,28.5,59.2,7.8,289.9,1009.3,0.0
2026-09-08T20:00:00Z,Delhi,28.6139,77.209,337,168.5,274.7,107.9,17.5,3.8,16.5,26.1,64.8,7.5,301.3,1009.8,0.0
2026-09-08T21:00:00Z,Delhi,28.6139,77.209,328,156.0,256.4,96.1,15.6,3.39,17.6,24.8,68.1,6.7,305.3,1010.6,0.0
2026-09-08T22:00:00Z,Delhi,28.6139,77.209,376,218.6,362.3,72.5,16.6,2.53,17.3,23.7,71.5,4.9,302.2,1010.9,0.0
2026-09-08T23:00:00Z,Delhi,28.6139,77.209,410,263.6,440.1,77.4,17.5,2.68,19.3,21.5,79.4,3.7,307.1,1011.7,0.0
2026-09-02T00:00:00Z,Noida,28.5355,77.391,416,266.2,455.5,73.7,16.4,2.5,19.4,21.8,79.2,4.3,300.8,1011.4,0.0
2026-09-02T01:00:00Z,Noida,28.5355,77.391,390,236.9,407.5,44.6,14.2,1.52,17.3,20.8,83.7,3.6,307.8,1011.3,0.0
2026-09-02T02:00:00Z,Noida,28.5355,77.391,429,276.6,477.5,51.0,16.2,1.73,17.0,21.0,84.6,3.7,316.4,1010.9,0.0
2026-09-02T03:00:00Z,Noida,28.5355,77.391,411,258.5,447.3,47.0,14.9,1.6,16.7,20.8,83.4,2.9,301.8,1010.4,0.0
2026-09-02T04:00:00Z,Noida,28.5355,77.391,429,276.5,478.8,50.1,15.9,1.7,19.3,21.3,79.4,3.6,310.6,1009.8,0.0
2026-09-02T05:00:00Z,Noida,28.5355,77.391,429,276.7,478.7,71.9,16.0,2.44,18.6,22.8,76.8,3.6,292.8,1009.5,0.0
2026-09-02T06:00:00Z,Noida,28.5355,77.391,412,260.0,448.8,68.5,15.2,2.33,19.7,23.0,75.4,5.2,300.1,1009.5,0.0
2026-09-02T07:00:00Z,Noida,28.5355,77.391,336,167.1,287.4,60.2,13.9,2.08,16.3,25.1,69.9,6.6,298.4,1009.5,0.0
2026-09-02T08:00:00Z,Noida,28.5355,77.391,336,166.8,285.4,83.5,14.3,2.89,27.8,26.4,63.0,7.0,278.6,1009.9,0.0
2026-09-02T09:00:00Z,Noida,28.5355,77.391,338,169.3,287.8,87.7,15.0,3.03,38.1,27.3,60.5,7.8,291.7,1010.7,0.0
2026-09-02T10:00:00Z,Noida,28.5355,77.391,337,167.9,283.4,90.4,15.4,3.12,49.6,29.4,54.3,10.3,289.9,1011.1,0.0
2026-09-02T11:00:00Z,Noida,28.5355,77.391,334,163.6,273.9,67.9,15.6,2.35,57.3,30.5,49.7,10.0,271.7,1011.3,0.0
2026-09-02T12:00:00Z,Noida,28.5355,77.391,321,146.6,243.3,63.2,14.6,2.18,63.4,32.0,46.7,10.7,275.0,1011.7,0.0
2026-09-02T13:00:00Z,Noida,28.5355,77.391,320,145.3,239.3,64.8,14.9,2.24,66.2,31.7,44.0,11.4,278.7,1011.4,0.0
2026-09-02T14:00:00Z,Noida,28.5355,77.391,319,144.2,236.1,66.1,15.2,2.28,63.1,32.7,41.8,11.2,285.6,1011.0,0.0
2026-09-02T15:00:00Z,Noida,28.5355,77.391,311,133.5,217.7,62.3,14.3,2.15,54.6,32.9,46.5,11.5,286.0,1010.3,0.0
2026-09-02T16:00:00Z,Noida,28.5355,77.391,310,133.3,217.0,62.5,14.4,2.16,44.1,32.0,46.1,11.6,296.3,1009.8,0.0
2026-09-02T17:00:00Z,Noida,28.5355,77.391,314,137.4,224.0,64.1,14.8,2.21,30.8,31.2,50.7,11.3,295.9,1009.6,0.0
2026-09-02T18:00:00Z,Noida,28.5355,77.391,323,149.2,244.2,99.1,15.8,3.43,17.9,29.4,53.3,9.5,288.6,1009.1,0.0
2026-09-02T19:00:00Z,Noida,28.5355,77.391,323,149.2,245.8,96.5,15.3,3.34,19.3,27.6,57.0,7.8,305.8,1009.2,0.0
2026-09-02T20:00:00Z,Noida,28.5355,77.391,319,145.1,240.9,90.7,14.4,3.13,16.6,27.1,61.7,7.2,307.8,1009.7,0.0
2026-09-02T21:00:00Z,Noida,28.5355,77.391,324,151.6,253.7,91.2,14.5,3.15,18.7,25.5,70.5,7.0,298.9,1010.5,0.0
2026-09-02T22:00:00Z,Noida,28.5355,77.391,369,209.1,352.9,67.6,15.2,2.31,17.2,23.1,73.7,4.8,313.0,1011.1,0.0
2026-09-02T23:00:00Z,Noida,28.5355,77.391,408,259.7,441.5,74.4,16.5,2.53,17.8,22.8,78.0,5.0,306.8,1011.8,0.0
2026-09-03T00:00:00Z,Noida,28.5355,77.391,411,261.4,447.3,72.3,16.1,2.46,16.6,21.0,80.7,3.7,319.3,1011.9,0.0
2026-09-03T01:00:00Z,Noida,28.5355,77.391,422,270.8,465.8,51.0,16.2,1.73,19.4,20.3,84.0,3.9,310.6,1011.3,0.0
2026-09-03T02:00:00Z,Noida,28.5355,77.391,411,259.5,448.0,47.8,15.2,1.63,19.8,20.2,85.3,2.5,316.1,1010.9,0.0
2026-09-03T03:00:00Z,Noida,28.5355,77.391,418,265.7,459.7,48.3,15.3,1.64,16.9,20.3,83.1,2.9,296.1,1010.2,0.0
2026-09-03T04:00:00Z,Noida,28.5355,77.391,426,273.2,473.1,49.5,15.7,1.68,19.2,22.1,80.7,2.7,311.1,1010.1,0.0
2026-09-03T05:00:00Z,Noida,28.5355,77.391,427,274.3,474.7,71.3,15.8,2.42,17.8,21.7,77.1,5.0,302.8,1009.2,0.0
2026-09-03T06:00:00Z,Noida,28.5355,77.391,395,243.6,420.5,69.7,15.7,2.38,18.1,22.7,71.9,4.8,301.7,1009.3,0.0
2026-09-03T07:00:00Z,Noida,28.5355,77.391,393,240.9,414.3,70.4,15.8,2.41,17.8,24.3,68.1,5.9,282.1,1009.4,0.0
2026-09-03T08:00:00Z,Noida,28.5355,77.391,335,164.9,282.1,82.6,14.1,2.85,26.1,25.9,66.0,7.7,277.8,1009.9,0.0
2026-09-03T09:00:00Z,Noida,28.5355,77.391,327,155.2,263.8,80.4,13.7,2.78,40.4,27.9,59.4,8.1,282.7,1010.6,0.0
2026-09-03T10:00:00Z,Noida,28.5355,77.391,329,157.2,265.3,84.6,14.4,2.92,49.0,28.8,54.1,9.8,291.8,1011.1,0.0
2026-09-03T11:00:00Z,Noida,28.5355,77.391,323,150.0,251.0,62.2,14.3,2.15,57.4,31.0,52.3,10.2,270.8,1011.7,0.0
2026-09-03T12:00:00Z,Noida,28.5355,77.391,323,149.1,247.5,64.3,14.8,2.22,63.8,31.9,48.0,11.9,276.7,1011.4,0.0
2026-09-03T13:00:00Z,Noida,28.5355,77.391,323,150.2,247.4,67.0,15.4,2.31,62.0,31.8,46.1,11.8,284.4,1011.6,0.0
2026-09-03T14:00:00Z,Noida,28.5355,77.391,307,129.0,211.2,59.1,13.6,2.04,63.1,32.9,43.8,11.6,272.9,1010.9,0.0
2026-09-03T15:00:00Z,Noida,28.5355,77.391,308,130.1,212.0,60.6,14.0,2.1,51.9,32.3,47.1,11.9,279.5,1010.7,0.0
2026-09-03T16:00:00Z,Noida,28.5355,77.391,319,144.5,235.2,67.8,15.6,2.34,43.1,32.1,48.5,11.1,280.0,1009.8,0.0
2026-09-03T17:00:00Z,Noida,28.5355,77.391,320,146.1,238.2,68.1,15.7,2.35,30.5,31.4,49.3,11.6,291.0,1009.5,0.0
2026-09-03T18:00:00Z,Noida,28.5355,77.391,316,140.2,229.6,93.2,14.8,3.22,17.3,30.0,55.1,8.9,297.0,1009.5,0.0
2026-09-03T19:00:00Z,Noida,28.5355,77.391,321,147.4,242.8,95.3,15.1,3.29,17.4,27.4,59.6,8.3,300.9,1009.4,0.0
2026-09-03T20:00:00Z,Noida,28.5355,77.391,330,159.4,264.6,99.6,15.8,3.44,19.8,25.8,65.9,7.2,312.5,1009.8,0.0
2026-09-03T21:00:00Z,Noida,28.5355,77.391,335,164.9,276.1,99.2,15.8,3.43,16.6,24.3,69.9,6.1,311.6,1010.6,0.0
2026-09-03T22:00:00Z,Noida,28.5355,77.391,382,227.0,383.1,67.5,15.0,2.3,17.5,23.7,75.4,4.3,299.3,1011.3,0.0
2026-09-03T23:00:00Z,Noida,28.5355,77.391,402,251.2,427.0,71.9,16.0,2.45,18.3,22.4,78.7,4.7,318.5,1011.5,0.0
2026-09-04T00:00:00Z,Noida,28.5355,77.391,408,258.8,442.8,71.6,15.9,2.44,18.0,21.4,80.8,3.9,305.0,1011.5,0.0
2026-09-04T01:00:00Z,Noida,28.5355,77.391,428,277.0,476.4,52.2,16.5,1.77,17.1,20.5,83.6,2.7,304.7,1011.5,0.0
2026-09-04T02:00:00Z,Noida,28.5355,77.391,431,278.9,481.4,51.4,16.3,1.75,17.8,21.2,84.0,2.2,315.0,1011.1,0.0
2026-09-04T03:00:00Z,Noida,28.5355,77.391,398,247.1,427.6,45.0,14.3,1.53,18.2,20.0,84.2,3.8,302.0,1010.4,0.0
2026-09-04T04:00:00Z,Noida,28.5355,77.391,432,279.3,483.7,50.6,16.1,1.72,18.0,21.9,83.1,4.0,311.0,1010.0,0.0
2026-09-04T05:00:00Z,Noida,28.5355,77.391,420,267.9,463.5,69.6,15.5,2.37,17.5,21.7,76.6,3.6,304.7,1009.2,0.0
2026-09-04T06:00:00Z,Noida,28.5355,77.391,406,253.8,438.1,72.7,16.3,2.48,18.9,24.0,74.3,5.5,286.7,1009.2,0.0
2026-09-04T07:00:00Z,Noida,28.5355,77.391,347,181.0,311.3,65.3,15.0,2.26,17.8,25.0,70.5,7.0,282.6,1009.7,0.0
2026-09-04T08:00:00Z,Noida,28.5355,77.391,333,163.2,279.3,81.7,14.0,2.83,29.9,26.8,63.2,8.3,293.1,1010.0,0.0
2026-09-04T09:00:00Z,Noida,28.5355,77.391,329,157.3,267.4,81.5,13.9,2.82,37.3,27.9,60.9,7.8,276.9,1010.3,0.0
2026-09-04T10:00:00Z,Noida,28.5355,77.391,326,153.6,259.2,82.7,14.1,2.86,50.1,29.8,53.2,10.6,289.9,1011.3,0.0
2026-09-04T11:00:00Z,Noida,28.5355,77.391,320,145.6,243.8,60.4,13.9,2.09,60.7,30.8,48.0,10.3,281.2,1011.5,0.0
2026-09-04T12:00:00Z,Noida,28.5355,77.391,323,149.5,248.2,64.4,14.8,2.23,64.2,31.1,47.5,11.8,282.1,1011.9,0.0
2026-09-04T13:00:00Z,Noida,28.5355,77.391,323,149.1,245.7,66.5,15.3,2.3,65.7,31.5,42.4,12.1,282.0,1011.6,0.0
2026-09-04T14:00:00Z,Noida,28.5355,77.391,315,138.8,227.3,63.6,14.7,2.2,62.4,32.7,44.0,12.3,277.8,1011.4,0.0
2026-09-04T15:00:00Z,Noida,28.5355,77.391,313,136.5,222.5,63.6,14.7,2.2,52.9,32.6,43.7,11.0,275.6,1010.5,0.0
2026-09-04T16:00:00Z,Noida,28.5355,77.391,320,146.3,238.2,68.7,15.8,2.37,41.6,31.9,45.7,11.8,292.2,1010.1,0.0
2026-09-04T17:00:00Z,Noida,28.5355,77.391,309,131.3,214.1,61.2,14.1,2.12,28.7,30.5,50.2,10.3,290.4,1009.3,0.0
2026-09-04T18:00:00Z,Noida,28.5355,77.391,309,131.6,215.5,87.5,13.9,3.02,17.3,29.2,53.4,10.0,290.0,1009.5,0.0
2026-09-04T19:00:00Z,Noida,28.5355,77.391,318,143.0,235.6,92.5,14.7,3.2,17.2,28.2,57.9,9.2,298.8,1009.5,0.0
2026-09-04T20:00:00Z,Noida,28.5355,77.391,319,144.5,239.9,90.3,14.4,3.12,16.2,25.7,66.2,7.5,311.8,1009.7,0.0
2026-09-04T21:00:00Z,Noida,28.5355,77.391,333,162.3,271.7,97.6,15.5,3.37,17.7,24.9,71.1,6.6,305.0,1010.5,0.0
2026-09-04T22:00:00Z,Noida,28.5355,77.391,388,234.6,395.9,69.8,15.5,2.37,16.8,24.1,75.1,5.8,305.3,1011.0,0.0
2026-09-04T23:00:00Z,Noida,28.5355,77.391,408,259.9,441.8,74.4,16.5,2.53,18.7,22.3,76.0,4.3,314.8,1011.4,0.0
2026-09-05T00:00:00Z,Noida,28.5355,77.391,416,266.9,456.7,73.9,16.4,2.51,19.0,20.7,83.7,3.4,315.9,1011.6,0.0
2026-09-05T01:00:00Z,Noida,28.5355,77.391,400,249.8,429.5,47.0,14.9,1.6,17.9,20.2,83.4,3.2,300.4,1011.3,0.0
2026-09-05T02:00:00Z,Noida,28.5355,77.391,398,248.0,428.1,45.7,14.5,1.55,20.0,20.4,84.5,3.0,304.5,1011.2,0.0
2026-09-05T03:00:00Z,Noida,28.5355,77.391,427,274.5,474.9,49.9,15.8,1.7,17.2,21.1,82.3,2.8,312.2,1010.5,0.0
2026-09-05T04:00:00Z,Noida,28.5355,77.391,432,279.5,483.9,50.6,16.1,1.72,18.9,21.8,80.7,4.0,312.1,1010.0,0.0
2026-09-05T05:00:00Z,Noida,28.5355,77.391,430,277.4,479.9,72.1,16.0,2.45,18.3,22.6,75.8,4.3,308.2,1009.6,0.0
2026-09-05T06:00:00Z,Noida,28.5355,77.391,398,247.8,427.9,71.0,15.9,2.43,16.6,23.9,74.4,4.6,297.6,1009.4,0.0
2026-09-05T07:00:00Z,Noida,28.5355,77.391,340,171.7,295.3,61.9,14.3,2.14,16.6,25.2,66.8,7.2,283.3,1009.2,0.0
2026-09-05T08:00:00Z,Noida,28.5355,77.391,345,178.5,305.4,89.4,15.3,3.09,26.2,26.8,63.6,8.0,295.9,1010.1,0.0
2026-09-05T09:00:00Z,Noida,28.5355,77.391,332,161.3,274.2,83.6,14.3,2.89,37.8,27.5,57.4,8.3,287.6,1010.5,0.0
2026-09-05T10:00:00Z,Noida,28.5355,77.391,334,163.7,276.2,88.1,15.0,3.05,50.3,30.2,53.2,9.5,287.4,1011.2,0.0
2026-09-05T11:00:00Z,Noida,28.5355,77.391,335,165.4,276.9,68.6,15.8,2.37,58.0,30.9,48.3,10.2,281.7,1011.4,0.0
2026-09-05T12:00:00Z,Noida,28.5355,77.391,330,158.3,262.7,68.2,15.7,2.36,65.5,31.4,45.2,11.8,276.3,1011.6,0.0
2026-09-05T13:00:00Z,Noida,28.5355,77.391,323,150.3,247.6,67.0,15.4,2.32,67.6,31.9,42.8,12.2,278.1,1011.8,0.0
2026-09-05T14:00:00Z,Noida,28.5355,77.391,314,137.9,225.8,63.2,14.6,2.18,60.8,33.0,43.0,11.6,286.3,1011.0,0.0
2026-09-05T15:00:00Z,Noida,28.5355,77.391,307,128.9,210.1,60.1,13.8,2.08,54.7,32.3,43.2,11.9,293.1,1010.6,0.0
2026-09-05T16:00:00Z,Noida,28.5355,77.391,241,102.7,167.2,60.2,14.2,2.1,44.1,31.8,45.4,11.7,288.1,1010.0,1.3
2026-09-05T17:00:00Z,Noida,28.5355,77.391,186,85.8,139.8,63.1,15.1,2.22,31.6,30.1,51.2,9.7,292.1,1009.7,2.3
2026-09-05T18:00:00Z,Noida,28.5355,77.391,109,52.0,85.2,77.0,12.9,2.73,18.3,29.5,52.5,10.7,291.4,1009.4,3.6
2026-09-05T19:00:00Z,Noida,28.5355,77.391,109,54.2,89.4,78.1,13.1,2.77,19.7,28.1,59.9,9.5,307.1,1009.3,3.5
2026-09-05T20:00:00Z,Noida,28.5355,77.391,329,158.1,262.4,98.8,15.7,3.42,19.5,27.3,63.5,7.5,311.2,1010.2,0.0
2026-09-05T21:00:00Z,Noida,28.5355,77.391,374,215.6,360.8,105.2,16.3,3.6,18.2,24.2,69.5,5.5,315.3,1010.4,0.0
2026-09-05T22:00:00Z,Noida,28.5355,77.391,341,172.6,291.3,61.5,14.0,2.11,16.6,23.5,76.2,6.0,307.4,1010.9,0.0
2026-09-05T23:00:00Z,Noida,28.5355,77.391,395,243.6,414.2,69.8,15.5,2.37,19.0,22.2,76.9,3.7,314.2,1011.7,0.0
2026-09-06T00:00:00Z,Noida,28.5355,77.391,387,232.9,398.5,64.5,14.3,2.19,18.7,20.8,83.1,4.4,316.5,1011.7,0.0
2026-09-06T01:00:00Z,Noida,28.5355,77.391,397,245.7,422.7,46.3,14.7,1.57,19.0,20.2,81.5,2.8,304.4,1011.4,0.0
2026-09-06T02:00:00Z,Noida,28.5355,77.391,422,270.2,466.5,49.8,15.8,1.69,16.2,21.2,83.0,3.4,298.2,1011.2,0.0
2026-09-06T03:00:00Z,Noida,28.5355,77.391,427,274.3,474.5,49.9,15.8,1.7,17.2,20.1,82.4,3.0,305.7,1010.7,0.0
2026-09-06T04:00:00Z,Noida,28.5355,77.391,404,251.2,434.9,45.5,14.4,1.55,16.6,20.7,83.4,3.2,304.8,1009.7,0.0
2026-09-06T05:00:00Z,Noida,28.5355,77.391,420,267.2,462.3,69.4,15.4,2.36,18.7,22.7,78.7,4.1,299.9,1009.4,0.0
2026-09-06T06:00:00Z,Noida,28.5355,77.391,387,233.0,402.3,66.7,15.0,2.28,18.8,23.0,72.7,5.8,302.5,1009.0,0.0
2026-09-06T07:00:00Z,Noida,28.5355,77.391,387,232.7,400.3,68.1,15.3,2.33,16.6,24.3,69.5,5.5,292.1,1009.5,0.0
2026-09-06T08:00:00Z,Noida,28.5355,77.391,331,160.7,275.0,80.5,13.7,2.78,27.9,26.2,64.1,6.7,281.6,1009.9,0.0
2026-09-06T09:00:00Z,Noida,28.5355,77.391,335,165.2,280.9,85.6,14.6,2.96,40.0,28.5,58.6,8.7,283.5,1010.2,0.0
2026-09-06T10:00:00Z,Noida,28.5355,77.391,322,148.4,250.4,79.9,13.6,2.76,48.8,29.9,53.5,10.4,286.9,1011.1,0.0
2026-09-06T11:00:00Z,Noida,28.5355,77.391,317,142.3,238.1,59.0,13.6,2.04,56.1,30.0,52.3,11.6,271.9,1011.8,0.0
2026-09-06T12:00:00Z,Noida,28.5355,77.391,331,159.7,265.1,68.8,15.9,2.38,62.1,32.1,48.0,12.4,282.9,1011.7,0.0
2026-09-06T13:00:00Z,Noida,28.5355,77.391,319,143.9,237.1,64.2,14.8,2.22,64.0,32.9,46.7,11.6,284.2,1011.6,0.0
2026-09-06T14:00:00Z,Noida,28.5355,77.391,310,133.0,217.8,61.0,14.0,2.11,60.1,32.3,42.4,12.1,282.6,1011.2,0.0
2026-09-06T15:00:00Z,Noida,28.5355,77.391,319,143.9,234.6,67.1,15.5,2.32,53.0,31.5,43.7,12.2,285.3,1010.5,0.0
2026-09-06T16:00:00Z,Noida,28.5355,77.391,318,142.7,232.4,67.0,15.4,2.31,42.8,31.5,45.6,12.3,292.0,1009.7,0.0
2026-09-06T17:00:00Z,Noida,28.5355,77.391,305,126.6,206.4,59.0,13.6,2.04,30.4,31.2,51.8,9.7,285.2,1009.2,0.0
2026-09-06T18:00:00Z,Noida,28.5355,77.391,310,132.9,217.6,88.3,14.0,3.05,19.5,29.8,51.7,10.2,293.0,1009.1,0.0
2026-09-06T19:00:00Z,Noida,28.5355,77.391,315,138.9,228.8,89.8,14.3,3.1,18.4,27.3,58.8,8.2,305.2,1009.6,0.0
2026-09-06T20:00:00Z,Noida,28.5355,77.391,317,141.4,234.7,88.4,14.0,3.05,17.2,26.8,63.1,7.1,295.4,1010.0,0.0
2026-09-06T21:00:00Z,Noida,28.5355,77.391,325,152.0,254.4,91.4,14.5,3.16,18.0,24.2,71.4,7.1,313.8,1010.6,0.0
2026-09-06T22:00:00Z,Noida,28.5355,77.391,384,228.9,386.3,68.1,15.1,2.32,16.6,24.3,76.2,5.6,313.7,1011.0,0.0
2026-09-06T23:00:00Z,Noida,28.5355,77.391,399,249.0,423.3,71.3,15.8,2.42,19.2,22.1,79.4,4.3,316.5,1011.4,0.0
2026-09-07T00:00:00Z,Noida,28.5355,77.391,392,239.1,409.2,66.2,14.7,2.25,16.8,22.0,81.6,4.5,311.1,1011.5,0.0
2026-09-07T01:00:00Z,Noida,28.5355,77.391,395,243.9,419.5,45.9,14.6,1.56,17.1,20.9,85.4,3.8,301.3,1011.7,0.0
2026-09-07T02:00:00Z,Noida,28.5355,77.391,424,271.5,468.8,50.0,15.9,1.7,18.2,20.8,84.5,3.7,301.8,1011.3,0.0
2026-09-07T03:00:00Z,Noida,28.5355,77.391,437,284.2,491.7,51.7,16.4,1.76,19.8,20.7,85.2,2.8,314.7,1010.2,0.0
2026-09-07T04:00:00Z,Noida,28.5355,77.391,407,254.2,440.1,46.0,14.6,1.57,19.7,20.7,83.8,3.6,297.4,1010.0,0.0
2026-09-07T05:00:00Z,Noida,28.5355,77.391,408,255.5,442.0,66.4,14.7,2.26,18.1,22.3,79.5,4.1,299.6,1009.4,0.0
2026-09-07T06:00:00Z,Noida,28.5355,77.391,356,192.8,332.8,68.0,15.7,2.35,17.5,23.5,72.0,6.2,294.4,1009.5,0.0
2026-09-07T07:00:00Z,Noida,28.5355,77.391,397,246.1,423.2,72.0,16.2,2.46,18.3,24.8,69.5,5.8,284.0,1009.3,0.0
2026-09-07T08:00:00Z,Noida,28.5355,77.391,340,172.0,294.3,86.1,14.7,2.98,28.8,26.4,62.3,7.2,285.1,1010.1,0.0
2026-09-07T09:00:00Z,Noida,28.5355,77.391,336,166.0,282.2,86.0,14.7,2.97,37.8,28.3,57.6,9.3,293.7,1010.6,0.0
2026-09-07T10:00:00Z,Noida,28.5355,77.391,332,161.1,271.8,86.7,14.8,3.0,50.5,30.0,52.3,10.2,281.8,1011.4,0.0
2026-09-07T11:00:00Z,Noida,28.5355,77.391,331,160.3,268.3,66.5,15.3,2.3,58.9,30.0,47.5,11.4,289.4,1011.6,0.0
2026-09-07T12:00:00Z,Noida,28.5355,77.391,319,145.0,240.7,62.5,14.4,2.16,64.7,32.2,45.3,11.8,270.2,1011.7,0.0
2026-09-07T13:00:00Z,Noida,28.5355,77.391,319,144.2,237.6,64.3,14.8,2.22,62.3,32.6,45.3,11.8,280.3,1011.2,0.0
2026-09-07T14:00:00Z,Noida,28.5355,77.391,318,143.1,234.3,65.6,15.1,2.27,63.1,32.5,42.9,13.0,272.4,1011.3,0.0
2026-09-07T15:00:00Z,Noida,28.5355,77.391,314,137.4,224.0,64.1,14.8,2.21,55.8,33.0,42.7,11.0,277.4,1010.3,0.0
2026-09-07T16:00:00Z,Noida,28.5355,77.391,321,146.7,238.8,68.8,15.9,2.38,41.8,31.3,46.2,11.1,285.6,1009.9,0.0
2026-09-07T17:00:00Z,Noida,28.5355,77.391,306,127.9,208.5,59.7,13.7,2.06,29.6,31.0,51.6,11.0,298.3,1009.6,0.0
2026-09-07T18:00:00Z,Noida,28.5355,77.391,314,137.7,225.5,91.5,14.5,3.16,19.1,29.6,51.8,8.8,288.4,1009.3,0.0
2026-09-07T19:00:00Z,Noida,28.5355,77.391,313,136.4,224.8,88.2,14.0,3.05,19.5,28.2,60.6,7.9,299.4,1009.2,0.0
2026-09-07T20:00:00Z,Noida,28.5355,77.391,329,157.5,261.4,98.4,15.6,3.4,18.3,27.1,63.9,6.6,294.0,1010.2,0.0
2026-09-07T21:00:00Z,Noida,28.5355,77.391,315,139.0,232.6,93.5,15.0,3.25,17.6,24.2,71.3,6.0,314.8,1010.6,0.7
2026-09-07T22:00:00Z,Noida,28.5355,77.391,378,221.2,373.3,71.5,16.1,2.45,17.3,22.8,72.3,4.7,314.7,1011.0,0.0
2026-09-07T23:00:00Z,Noida,28.5355,77.391,407,259.3,440.8,74.3,16.5,2.52,16.2,22.7,76.3,5.3,314.0,1011.5,0.0
2026-09-08T00:00:00Z,Noida,28.5355,77.391,396,245.3,419.7,67.9,15.1,2.31,19.1,21.2,83.0,3.3,315.4,1012.0,0.0
2026-09-08T01:00:00Z,Noida,28.5355,77.391,426,274.7,472.5,51.7,16.4,1.76,17.7,20.0,82.2,4.1,309.3,1011.5,0.0
2026-09-08T02:00:00Z,Noida,28.5355,77.391,423,271.1,468.0,50.0,15.9,1.7,16.3,20.8,84.8,2.2,310.4,1011.3,0.0
2026-09-08T03:00:00Z,Noida,28.5355,77.391,401,248.9,430.6,45.3,14.4,1.54,16.0,20.2,84.4,3.4,310.4,1010.4,0.0
2026-09-08T04:00:00Z,Noida,28.5355,77.391,417,264.6,458.2,47.9,15.2,1.63,18.2,21.0,80.6,3.1,295.2,1009.7,0.0
2026-09-08T05:00:00Z,Noida,28.5355,77.391,411,258.2,446.7,67.1,14.9,2.28,17.5,22.1,75.8,4.0,290.7,1009.5,0.0
2026-09-08T06:00:00Z,Noida,28.5355,77.391,405,253.0,436.8,72.4,16.3,2.48,18.3,23.2,73.4,4.4,303.0,1009.5,0.0
2026-09-08T07:00:00Z,Noida,28.5355,77.391,372,214.0,368.0,62.6,14.1,2.14,17.7,24.4,68.6,5.6,287.1,1009.5,0.0
2026-09-08T08:00:00Z,Noida,28.5355,77.391,343,175.4,300.2,87.9,15.0,3.04,28.3,26.4,63.9,6.7,282.5,1009.7,0.0
2026-09-08T09:00:00Z,Noida,28.5355,77.391,338,169.4,288.0,87.8,15.0,3.03,40.5,27.6,56.9,8.3,293.4,1010.4,0.0
2026-09-08T10:00:00Z,Noida,28.5355,77.391,324,150.7,254.3,81.1,13.8,2.8,48.8,29.2,53.2,10.4,289.2,1011.4,0.0
2026-09-08T11:00:00Z,Noida,28.5355,77.391,322,148.7,248.8,61.7,14.2,2.13,59.5,31.5,48.4,10.3,289.8,1011.8,0.0
2026-09-08T12:00:00Z,Noida,28.5355,77.391,320,145.5,241.5,62.7,14.4,2.17,61.6,31.7,47.1,10.9,277.5,1011.9,0.0
2026-09-08T13:00:00Z,Noida,28.5355,77.391,326,153.4,252.7,68.4,15.8,2.36,64.2,32.4,45.1,11.9,284.1,1011.6,0.0
2026-09-08T14:00:00Z,Noida,28.5355,77.391,320,145.8,238.7,66.8,15.4,2.31,61.0,32.8,43.7,11.6,285.9,1011.3,0.0
2026-09-08T15:00:00Z,Noida,28.5355,77.391,318,143.1,233.4,66.8,15.4,2.31,51.6,32.3,45.3,11.3,287.6,1010.6,0.0
2026-09-08T16:00:00Z,Noida,28.5355,77.391,316,140.2,228.2,65.8,15.2,2.27,43.0,32.5,46.6,11.2,287.6,1010.2,0.0
2026-09-08T17:00:00Z,Noida,28.5355,77.391,306,127.7,208.2,59.6,13.7,2.06,31.5,31.2,49.2,11.5,291.9,1009.5,0.0
2026-09-08T18:00:00Z,Noida,28.5355,77.391,318,143.2,234.4,95.1,15.1,3.29,17.6,29.8,53.3,10.0,285.9,1009.6,0.0
2026-09-08T19:00:00Z,Noida,28.5355,77.391,318,143.3,236.0,92.7,14.7,3.2,18.1,28.5,61.2,8.5,289.1,1009.3,0.0
2026-09-08T20:00:00Z,Noida,28.5355,77.391,323,150.1,249.2,93.8,14.9,3.24,18.0,26.6,64.4,7.4,300.3,1010.1,0.0
2026-09-08T21:00:00Z,Noida,28.5355,77.391,352,187.6,314.1,91.6,14.2,3.13,19.8,24.7,66.8,5.5,303.9,1010.8,0.0
2026-09-08T22:00:00Z,Noida,28.5355,77.391,367,207.2,349.7,67.0,15.1,2.29,17.8,22.9,73.1,5.2,302.1,1011.1,0.0
2026-09-08T23:00:00Z,Noida,28.5355,77.391,404,254.5,432.6,72.9,16.2,2.48,18.6,22.6,77.2,3.9,315.7,1011.3,0.0
2026-09-02T00:00:00Z,Gurugram,28.4595,77.0266,398,247.6,425.9,69.8,15.5,2.43,18.2,21.6,79.6,4.6,304.9,1011.5,0.0
2026-09-02T01:00:00Z,Gurugram,28.4595,77.0266,419,266.5,460.8,51.1,16.2,1.78,16.1,21.4,82.0,3.0,303.2,1011.6,0.0
2026-09-02T02:00:00Z,Gurugram,28.4595,77.0266,416,262.3,455.2,49.2,15.7,1.71,19.0,20.7,82.5,3.2,305.8,1011.2,0.0
2026-09-02T03:00:00Z,Gurugram,28.4595,77.0266,425,271.1,471.6,50.2,16.0,1.75,17.8,21.2,81.1,2.4,313.0,1010.3,0.0
2026-09-02T04:00:00Z,Gurugram,28.4595,77.0266,440,285.1,496.3,52.6,16.7,1.83,18.3,20.9,83.1,3.7,305.3,1010.0,0.0
2026-09-02T05:00:00Z,Gurugram,28.4595,77.0266,424,269.9,469.4,71.4,15.9,2.49,18.5,22.0,79.9,4.6,305.2,1009.6,0.0
2026-09-02T06:00:00Z,Gurugram,28.4595,77.0266,408,254.4,441.5,74.1,16.7,2.6,18.0,22.8,72.2,4.5,291.1,1009.1,0.0
2026-09-02T07:00:00Z,Gurugram,28.4595,77.0266,355,191.6,331.2,70.3,16.2,2.49,18.6,24.8,67.4,6.1,284.8,1009.5,0.0
2026-09-02T08:00:00Z,Gurugram,28.4595,77.0266,346,179.2,308.2,91.3,15.6,3.23,26.0,27.3,64.3,7.5,280.3,1009.8,0.0
2026-09-02T09:00:00Z,Gurugram,28.4595,77.0266,342,174.7,298.5,92.2,15.8,3.26,39.5,27.8,56.4,7.9,290.7,1010.8,0.0
2026-09-02T10:00:00Z,Gurugram,28.4595,77.0266,327,155.4,263.6,85.2,14.6,3.02,50.4,29.8,53.6,10.4,281.8,1010.8,0.0
2026-09-02T11:00:00Z,Gurugram,28.4595,77.0266,337,167.7,282.3,70.8,16.4,2.51,59.6,30.4,48.7,10.8,273.9,1011.5,0.0
2026-09-02T12:00:00Z,Gurugram,28.4595,77.0266,325,152.1,253.8,66.7,15.4,2.36,65.9,31.8,44.7,10.6,285.5,1011.9,0.0
2026-09-02T13:00:00Z,Gurugram,28.4595,77.0266,329,158.1,261.9,71.8,16.6,2.54,64.9,31.6,45.8,11.9,290.3,1011.3,0.0
2026-09-02T14:00:00Z,Gurugram,28.4595,77.0266,319,144.8,238.2,67.5,15.6,2.39,61.8,32.2,46.5,11.9,279.0,1011.3,0.0
2026-09-02T15:00:00Z,Gurugram,28.4595,77.0266,322,148.5,243.4,70.5,16.3,2.5,54.7,32.7,43.4,12.5,286.2,1010.4,0.0
2026-09-02T16:00:00Z,Gurugram,28.4595,77.0266,315,139.4,228.1,66.6,15.4,2.36,42.5,31.2,44.9,10.8,281.6,1009.6,0.0
2026-09-02T17:00:00Z,Gurugram,28.4595,77.0266,325,151.9,248.9,72.1,16.7,2.55,32.4,30.8,49.0,11.1,286.9,1009.3,0.0
2026-09-02T18:00:00Z,Gurugram,28.4595,77.0266,329,157.7,259.5,106.7,17.0,3.78,19.5,29.8,52.0,10.7,300.7,1009.6,0.0
2026-09-02T19:00:00Z,Gurugram,28.4595,77.0266,328,156.5,259.1,103.0,16.4,3.65,18.7,27.5,60.7,8.2,303.1,1009.7,0.0
2026-09-02T20:00:00Z,Gurugram,28.4595,77.0266,330,158.7,264.9,101.0,16.1,3.58,19.5,26.5,64.4,7.0,300.8,1009.9,0.0
2026-09-02T21:00:00Z,Gurugram,28.4595,77.0266,381,225.0,378.7,111.8,17.4,3.91,17.3,24.3,69.3,5.9,314.3,1010.4,0.0
2026-09-02T22:00:00Z,Gurugram,28.4595,77.0266,400,250.0,424.1,75.7,16.9,2.64,17.4,22.7,75.4,5.7,312.6,1011.1,0.0
2026-09-02T23:00:00Z,Gurugram,28.4595,77.0266,395,243.7,416.5,71.0,15.8,2.48,19.3,21.6,78.3,3.8,308.1,1011.4,0.0
2026-09-03T00:00:00Z,Gurugram,28.4595,77.0266,421,269.5,463.6,75.9,16.9,2.65,16.2,21.0,81.7,3.7,309.7,1011.6,0.0
2026-09-03T01:00:00Z,Gurugram,28.4595,77.0266,419,266.9,461.5,51.2,16.3,1.78,16.0,20.1,84.7,3.1,302.0,1011.8,0.0
2026-09-03T02:00:00Z,Gurugram,28.4595,77.0266,414,260.2,451.6,48.8,15.5,1.7,19.7,21.2,82.5,3.4,300.6,1011.2,0.0
2026-09-03T03:00:00Z,Gurugram,28.4595,77.0266,418,264.0,459.1,48.9,15.5,1.7,17.6,20.3,84.1,2.7,303.0,1010.7,0.0
2026-09-03T04:00:00Z,Gurugram,28.4595,77.0266,412,257.8,448.7,47.5,15.1,1.66,17.9,21.0,82.3,3.1,305.6,1010.0,0.0
2026-09-03T05:00:00Z,Gurugram,28.4595,77.0266,447,293.0,509.7,77.5,17.3,2.7,20.0,21.7,76.8,4.7,289.1,1009.6,0.0
2026-09-03T06:00:00Z,Gurugram,28.4595,77.0266,385,231.1,401.0,67.3,15.2,2.36,17.3,23.4,72.2,4.4,292.7,1009.4,0.0
2026-09-03T07:00:00Z,Gurugram,28.4595,77.0266,362,200.5,346.6,73.6,17.0,2.61,16.6,25.6,67.4,6.9,296.2,1009.2,0.0
2026-09-03T08:00:00Z,Gurugram,28.4595,77.0266,350,184.3,317.0,94.0,16.1,3.33,26.9,26.5,61.5,7.8,286.3,1010.0,0.0
2026-09-03T09:00:00Z,Gurugram,28.4595,77.0266,348,181.6,310.3,95.8,16.4,3.39,38.7,27.9,59.8,9.4,276.1,1010.3,0.0
2026-09-03T10:00:00Z,Gurugram,28.4595,77.0266,328,156.8,266.0,85.9,14.7,3.04,48.3,29.3,56.3,9.4,274.8,1011.0,0.0
2026-09-03T11:00:00Z,Gurugram,28.4595,77.0266,335,165.6,278.6,69.9,16.1,2.48,56.8,30.9,50.4,11.2,284.3,1011.7,0.0
2026-09-03T12:00:00Z,Gurugram,28.4595,77.0266,335,165.3,275.9,72.5,16.8,2.57,65.2,31.7,46.7,11.9,275.9,1011.4,0.0
2026-09-03T13:00:00Z,Gurugram,28.4595,77.0266,332,161.7,267.7,73.4,17.0,2.6,67.8,32.3,42.7,11.8,282.4,1011.6,0.0
2026-09-03T14:00:00Z,Gurugram,28.4595,77.0266,324,150.5,247.6,70.2,16.2,2.49,63.3,33.2,42.2,12.7,283.4,1011.0,0.0
2026-09-03T15:00:00Z,Gurugram,28.4595,77.0266,310,133.1,218.1,63.2,14.6,2.24,51.2,33.0,46.0,10.9,275.7,1010.4,0.0
2026-09-03T16:00:00Z,Gurugram,28.4595,77.0266,321,147.4,241.2,70.4,16.3,2.49,41.1,32.2,46.7,11.7,287.5,1009.8,0.0
2026-09-03T17:00:00Z,Gurugram,28.4595,77.0266,313,136.8,224.3,65.0,15.0,2.3,31.5,30.8,50.4,10.2,287.3,1009.5,0.0
2026-09-03T18:00:00Z,Gurugram,28.4595,77.0266,313,136.0,223.9,92.0,14.7,3.26,18.8,29.6,53.5,10.0,301.7,1009.4,0.0
2026-09-03T19:00:00Z,Gurugram,28.4595,77.0266,323,149.1,246.9,98.2,15.6,3.48,18.4,28.4,60.6,7.8,290.6,1009.4,0.0
2026-09-03T20:00:00Z,Gurugram,28.4595,77.0266,331,160.4,267.7,102.1,16.3,3.61,16.7,26.2,65.2,8.0,294.9,1010.0,0.0
2026-09-03T21:00:00Z,Gurugram,28.4595,77.0266,325,151.8,255.5,93.0,14.8,3.29,19.1,25.7,69.3,6.9,310.0,1010.3,0.0
2026-09-03T22:00:00Z,Gurugram,28.4595,77.0266,388,234.7,398.2,71.1,15.8,2.48,16.3,23.1,75.9,5.8,298.6,1011.3,0.0
2026-09-03T23:00:00Z,Gurugram,28.4595,77.0266,403,253.0,432.5,73.8,16.4,2.57,18.3,22.6,78.5,3.5,308.6,1011.5,0.0
2026-09-04T00:00:00Z,Gurugram,28.4595,77.0266,401,250.5,430.9,70.6,15.7,2.46,18.0,21.1,80.1,2.8,311.5,1011.8,0.0
2026-09-04T01:00:00Z,Gurugram,28.4595,77.0266,407,254.4,439.8,48.8,15.5,1.7,19.7,20.0,85.1,2.6,308.9,1011.5,0.0
2026-09-04T02:00:00Z,Gurugram,28.4595,77.0266,421,267.4,464.1,50.2,16.0,1.75,17.7,21.1,84.3,3.8,312.8,1011.1,0.0
2026-09-04T03:00:00Z,Gurugram,28.4595,77.0266,451,296.8,516.3,55.0,17.5,1.91,16.7,21.1,82.2,2.3,303.1,1010.5,0.0
2026-09-04T04:00:00Z,Gurugram,28.4595,77.0266,425,270.4,470.7,49.8,15.9,1.74,19.4,21.8,83.7,4.5,293.9,1009.9,0.0
2026-09-04T05:00:00Z,Gurugram,28.4595,77.0266,424,270.1,469.9,71.5,15.9,2.49,18.5,22.0,78.4,3.3,292.9,1009.5,0.0
2026-09-04T06:00:00Z,Gurugram,28.4595,77.0266,416,262.6,455.7,76.5,17.2,2.68,19.0,23.4,74.5,5.2,300.5,1009.1,0.0
2026-09-04T07:00:00Z,Gurugram,28.4595,77.0266,358,195.9,338.7,71.9,16.6,2.55,19.5,24.5,66.7,6.2,285.8,1009.4,0.0
2026-09-04T08:00:00Z,Gurugram,28.4595,77.0266,338,169.2,291.0,86.2,14.8,3.05,28.4,27.2,61.5,7.8,294.5,1010.0,0.0
2026-09-04T09:00:00Z,Gurugram,28.4595,77.0266,333,163.2,278.9,86.1,14.7,3.05,40.4,27.6,58.8,7.8,294.3,1010.6,0.0
2026-09-04T10:00:00Z,Gurugram,28.4595,77.0266,328,156.8,266.1,86.0,14.7,3.04,47.5,30.1,54.1,10.2,279.5,1011.4,0.0
2026-09-04T11:00:00Z,Gurugram,28.4595,77.0266,341,173.5,291.9,73.3,16.9,2.59,55.9,30.2,51.5,9.8,281.9,1011.5,0.0
2026-09-04T12:00:00Z,Gurugram,28.4595,77.0266,324,150.9,251.8,66.2,15.3,2.34,63.0,31.3,45.8,12.0,284.0,1011.8,0.0
2026-09-04T13:00:00Z,Gurugram,28.4595,77.0266,317,142.1,235.4,64.5,14.9,2.29,65.4,31.6,43.2,12.4,282.2,1011.3,0.0
2026-09-04T14:00:00Z,Gurugram,28.4595,77.0266,316,140.7,231.5,65.6,15.2,2.32,59.6,32.4,44.2,12.9,276.2,1011.0,0.0
2026-09-04T15:00:00Z,Gurugram,28.4595,77.0266,324,151.4,248.1,71.9,16.6,2.54,52.5,31.7,45.6,12.5,288.3,1010.2,0.0
2026-09-04T16:00:00Z,Gurugram,28.4595,77.0266,314,137.3,224.7,65.6,15.1,2.32,45.2,31.0,45.4,11.1,287.8,1010.0,0.0
2026-09-04T17:00:00Z,Gurugram,28.4595,77.0266,318,142.8,234.0,67.8,15.7,2.4,31.6,30.0,49.4,10.6,296.1,1009.3,0.0
2026-09-04T18:00:00Z,Gurugram,28.4595,77.0266,326,153.7,253.0,104.0,16.6,3.68,17.5,28.9,51.6,10.4,304.7,1009.1,0.0
2026-09-04T19:00:00Z,Gurugram,28.4595,77.0266,315,138.7,229.7,91.3,14.5,3.23,16.3,28.3,59.5,8.8,294.1,1009.6,0.0
2026-09-04T20:00:00Z,Gurugram,28.4595,77.0266,324,151.2,252.4,96.2,15.3,3.41,16.2,27.1,63.7,6.8,310.6,1010.1,0.0
2026-09-04T21:00:00Z,Gurugram,28.4595,77.0266,323,149.3,251.3,91.4,14.6,3.24,18.7,24.9,67.5,6.5,312.0,1010.4,0.0
2026-09-04T22:00:00Z,Gurugram,28.4595,77.0266,363,202.1,342.9,66.6,15.0,2.33,18.5,23.0,72.6,4.6,303.6,1011.3,0.0
2026-09-04T23:00:00Z,Gurugram,28.4595,77.0266,395,244.1,417.3,71.2,15.8,2.48,16.5,21.9,77.1,4.1,310.5,1011.3,0.0
2026-09-05T00:00:00Z,Gurugram,28.4595,77.0266,425,274.2,471.7,77.3,17.2,2.69,20.0,20.8,83.2,3.7,312.6,1011.9,0.0
2026-09-05T01:00:00Z,Gurugram,28.4595,77.0266,422,269.5,466.0,51.7,16.4,1.8,17.6,21.2,82.6,3.2,309.2,1011.8,0.0
2026-09-05T02:00:00Z,Gurugram,28.4595,77.0266,409,255.8,443.9,48.0,15.3,1.67,20.0,20.0,83.1,2.4,315.9,1011.3,0.0
2026-09-05T03:00:00Z,Gurugram,28.4595,77.0266,440,285.9,497.3,52.9,16.8,1.84,17.1,20.8,84.7,4.2,315.1,1010.3,0.0
2026-09-05T04:00:00Z,Gurugram,28.4595,77.0266,450,295.7,514.7,54.5,17.3,1.9,19.2,21.8,83.4,2.7,312.4,1009.7,0.0
2026-09-05T05:00:00Z,Gurugram,28.4595,77.0266,447,292.6,508.9,77.4,17.2,2.7,18.8,22.0,79.8,5.0,292.4,1009.5,0.0
2026-09-05T06:00:00Z,Gurugram,28.4595,77.0266,402,249.3,432.6,72.6,16.4,2.54,16.8,24.2,71.6,5.7,304.0,1009.3,0.0
2026-09-05T07:00:00Z,Gurugram,28.4595,77.0266,341,173.6,300.2,63.7,14.7,2.26,16.9,25.7,71.1,6.3,287.3,1009.5,0.0
2026-09-05T08:00:00Z,Gurugram,28.4595,77.0266,339,169.9,292.3,86.6,14.8,3.07,28.7,26.1,64.1,6.5,295.9,1009.7,0.0
2026-09-05T09:00:00Z,Gurugram,28.4595,77.0266,351,186.2,318.2,98.2,16.8,3.48,39.2,28.7,60.5,8.3,274.8,1010.6,0.0
2026-09-05T10:00:00Z,Gurugram,28.4595,77.0266,335,165.2,280.2,90.5,15.5,3.21,46.7,30.1,55.8,10.7,279.5,1011.4,0.0
2026-09-05T11:00:00Z,Gurugram,28.4595,77.0266,341,173.4,291.8,73.2,16.9,2.59,59.5,30.4,48.0,10.0,289.5,1011.7,0.0
2026-09-05T12:00:00Z,Gurugram,28.4595,77.0266,322,148.5,247.9,65.2,15.1,2.31,62.3,31.2,49.0,11.8,288.6,1011.9,0.0
2026-09-05T13:00:00Z,Gurugram,28.4595,77.0266,332,161.0,266.6,73.1,16.9,2.59,67.0,31.8,43.7,12.2,273.1,1011.7,0.0
2026-09-05T14:00:00Z,Gurugram,28.4595,77.0266,328,156.0,256.8,72.8,16.8,2.58,61.7,32.3,46.5,12.9,272.7,1011.2,0.0
2026-09-05T15:00:00Z,Gurugram,28.4595,77.0266,314,137.6,225.6,65.3,15.1,2.31,55.4,31.8,45.0,12.7,277.2,1010.6,0.0
2026-09-05T16:00:00Z,Gurugram,28.4595,77.0266,102,56.6,92.7,60.2,14.7,2.19,41.2,31.2,48.6,10.6,291.7,1010.0,3.5
2026-09-05T17:00:00Z,Gurugram,28.4595,77.0266,200,90.0,147.5,65.6,15.7,2.36,32.6,30.3,47.7,10.2,283.3,1009.2,2.2
2026-09-05T18:00:00Z,Gurugram,28.4595,77.0266,193,87.9,144.6,96.4,16.0,3.48,18.6,30.1,54.0,9.5,295.9,1009.1,2.4
2026-09-05T19:00:00Z,Gurugram,28.4595,77.0266,242,103.1,170.7,99.1,16.3,3.56,16.3,28.4,57.1,7.8,305.8,1009.3,2.0
2026-09-05T20:00:00Z,Gurugram,28.4595,77.0266,320,145.3,242.5,92.5,14.7,3.27,18.4,26.0,63.4,8.0,303.4,1010.1,0.0
2026-09-05T21:00:00Z,Gurugram,28.4595,77.0266,379,223.0,375.3,110.8,17.2,3.88,16.6,25.1,69.1,5.4,314.5,1010.3,0.0
2026-09-05T22:00:00Z,Gurugram,28.4595,77.0266,382,226.4,384.1,74.6,16.8,2.61,17.1,22.9,72.5,4.6,311.9,1011.2,0.0
2026-09-05T23:00:00Z,Gurugram,28.4595,77.0266,392,239.0,408.5,69.7,15.5,2.43,17.4,21.9,76.8,3.4,310.9,1011.7,0.0
2026-09-06T00:00:00Z,Gurugram,28.4595,77.0266,394,242.0,416.3,68.2,15.2,2.38,16.7,21.2,80.3,3.9,312.0,1011.5,0.0
2026-09-06T01:00:00Z,Gurugram,28.4595,77.0266,421,269.0,465.0,51.6,16.4,1.8,18.6,20.4,81.2,3.8,305.7,1011.5,0.0
2026-09-06T02:00:00Z,Gurugram,28.4595,77.0266,426,272.9,473.5,51.2,16.3,1.78,17.1,19.8,84.2,2.4,315.7,1011.0,0.0
2026-09-06T03:00:00Z,Gurugram,28.4595,77.0266,441,286.4,498.1,53.0,16.9,1.85,16.3,20.6,81.9,2.7,296.8,1010.7,0.0
2026-09-06T04:00:00Z,Gurugram,28.4595,77.0266,450,295.4,514.2,54.5,17.3,1.9,19.3,21.1,81.5,4.5,304.3,1009.9,0.0
2026-09-06T05:00:00Z,Gurugram,28.4595,77.0266,432,277.8,483.3,73.5,16.4,2.56,16.3,22.1,78.3,5.1,298.4,1009.7,0.0
2026-09-06T06:00:00Z,Gurugram,28.4595,77.0266,437,283.1,491.2,75.9,16.9,2.64,18.5,24.1,75.1,5.3,303.0,1009.5,0.0
2026-09-06T07:00:00Z,Gurugram,28.4595,77.0266,406,253.5,438.3,75.5,17.0,2.64,16.5,24.3,70.5,5.7,300.8,1009.7,0.0
2026-09-06T08:00:00Z,Gurugram,28.4595,77.0266,354,190.3,327.3,97.0,16.6,3.43,26.5,26.4,66.4,7.4,297.4,1010.0,0.0
2026-09-06T09:00:00Z,Gurugram,28.4595,77.0266,338,169.7,290.0,89.5,15.3,3.17,37.1,28.7,60.9,7.8,282.2,1010.4,0.0
2026-09-06T10:00:00Z,Gurugram,28.4595,77.0266,335,165.8,281.3,90.9,15.5,3.22,47.9,29.4,55.9,10.3,284.5,1011.1,0.0
2026-09-06T11:00:00Z,Gurugram,28.4595,77.0266,333,163.1,274.4,68.9,15.9,2.44,56.0,30.2,50.3,11.2,289.3,1011.8,0.0
2026-09-06T12:00:00Z,Gurugram,28.4595,77.0266,327,155.0,258.8,68.0,15.7,2.41,63.7,31.4,46.9,11.1,278.2,1011.6,0.0
2026-09-06T13:00:00Z,Gurugram,28.4595,77.0266,315,139.1,230.4,63.2,14.6,2.24,66.8,31.6,43.6,11.1,282.7,1011.7,0.0
2026-09-06T14:00:00Z,Gurugram,28.4595,77.0266,312,135.0,222.1,63.0,14.5,2.23,63.2,32.2,42.7,12.5,290.4,1011.3,0.0
2026-09-06T15:00:00Z,Gurugram,28.4595,77.0266,325,152.1,249.3,72.2,16.7,2.56,52.6,32.0,43.6,11.8,288.3,1010.3,0.0
2026-09-06T16:00:00Z,Gurugram,28.4595,77.0266,320,146.1,239.1,69.8,16.1,2.47,41.6,32.5,46.4,12.0,282.9,1009.9,0.0
2026-09-06T17:00:00Z,Gurugram,28.4595,77.0266,324,151.0,247.5,71.7,16.6,2.54,30.1,30.3,51.5,11.2,296.3,1009.7,0.0
2026-09-06T18:00:00Z,Gurugram,28.4595,77.0266,327,155.0,255.2,104.9,16.7,3.71,16.1,29.0,53.1,9.8,287.7,1009.5,0.0
2026-09-06T19:00:00Z,Gurugram,28.4595,77.0266,331,160.2,265.4,105.5,16.8,3.74,18.8,27.6,60.5,9.3,293.9,1009.4,0.0
2026-09-06T20:00:00Z,Gurugram,28.4595,77.0266,318,143.7,239.9,91.5,14.6,3.24,17.5,26.1,65.6,7.5,305.2,1009.7,0.0
2026-09-06T21:00:00Z,Gurugram,28.4595,77.0266,325,152.8,257.1,93.6,14.9,3.31,19.6,25.1,67.6,7.1,307.3,1010.4,0.0
2026-09-06T22:00:00Z,Gurugram,28.4595,77.0266,378,220.9,374.8,72.8,16.4,2.55,19.9,23.9,74.9,4.8,305.7,1010.9,0.0
2026-09-06T23:00:00Z,Gurugram,28.4595,77.0266,387,233.6,399.3,68.1,15.2,2.37,19.1,22.8,78.9,4.7,304.9,1011.5,0.0
2026-09-07T00:00:00Z,Gurugram,28.4595,77.0266,393,241.3,415.0,68.0,15.1,2.37,17.0,21.7,78.9,4.4,312.9,1011.8,0.0
2026-09-07T01:00:00Z,Gurugram,28.4595,77.0266,416,264.1,456.6,50.6,16.1,1.76,17.4,21.2,82.3,4.1,312.3,1011.5,0.0
2026-09-07T02:00:00Z,Gurugram,28.4595,77.0266,411,257.7,447.3,48.4,15.4,1.68,18.0,20.1,83.8,3.4,314.5,1011.0,0.0
2026-09-07T03:00:00Z,Gurugram,28.4595,77.0266,424,269.9,469.5,50.0,15.9,1.74,16.4,21.0,85.0,2.9,308.6,1010.6,0.0
2026-09-07T04:00:00Z,Gurugram,28.4595,77.0266,444,289.6,504.1,53.4,17.0,1.86,19.6,20.6,83.8,3.9,309.7,1009.8,0.0
2026-09-07T05:00:00Z,Gurugram,28.4595,77.0266,447,292.4,508.6,77.3,17.2,2.69,18.4,21.9,76.4,4.8,306.9,1009.6,0.0
2026-09-07T06:00:00Z,Gurugram,28.4595,77.0266,390,237.3,411.8,69.2,15.6,2.42,17.7,23.8,74.9,5.7,298.1,1009.6,0.0
2026-09-07T07:00:00Z,Gurugram,28.4595,77.0266,356,192.6,332.9,70.7,16.3,2.5,16.9,24.8,66.9,6.8,292.6,1009.3,0.0
2026-09-07T08:00:00Z,Gurugram,28.4595,77.0266,354,190.6,327.8,97.2,16.6,3.44,29.0,26.6,65.4,8.3,290.9,1009.9,0.0
2026-09-07T09:00:00Z,Gurugram,28.4595,77.0266,349,183.1,313.0,96.6,16.5,3.42,40.3,28.7,57.2,7.9,277.0,1010.4,0.0
2026-09-07T10:00:00Z,Gurugram,28.4595,77.0266,342,174.6,296.1,95.7,16.4,3.39,48.0,29.0,54.9,9.4,273.8,1011.0,0.0
2026-09-07T11:00:00Z,Gurugram,28.4595,77.0266,331,160.7,270.4,67.9,15.7,2.4,59.8,31.2,49.0,10.2,276.4,1011.7,0.0
2026-09-07T12:00:00Z,Gurugram,28.4595,77.0266,334,164.5,274.6,72.2,16.7,2.56,61.5,31.8,48.9,10.5,287.8,1011.7,0.0
2026-09-07T13:00:00Z,Gurugram,28.4595,77.0266,322,148.0,245.1,67.2,15.5,2.38,66.2,32.0,42.5,12.6,273.3,1011.4,0.0
2026-09-07T14:00:00Z,Gurugram,28.4595,77.0266,320,145.9,240.1,68.1,15.7,2.41,61.8,33.2,43.8,11.6,286.3,1011.3,0.0
2026-09-07T15:00:00Z,Gurugram,28.4595,77.0266,313,136.0,223.0,64.6,14.9,2.29,54.3,31.8,45.4,10.9,279.9,1010.7,0.0
2026-09-07T16:00:00Z,Gurugram,28.4595,77.0266,316,140.6,230.1,67.1,15.5,2.38,44.2,31.7,48.0,10.6,289.8,1010.0,0.0
2026-09-07T17:00:00Z,Gurugram,28.4595,77.0266,315,139.6,228.8,66.3,15.3,2.35,32.1,30.6,47.5,10.1,288.6,1009.2,0.0
2026-09-07T18:00:00Z,Gurugram,28.4595,77.0266,318,142.5,234.6,96.4,15.4,3.41,16.5,29.0,54.9,10.0,290.0,1009.4,0.0
2026-09-07T19:00:00Z,Gurugram,28.4595,77.0266,320,145.2,240.4,95.6,15.2,3.38,18.9,27.9,59.3,8.0,305.4,1009.3,0.0
2026-09-07T20:00:00Z,Gurugram,28.4595,77.0266,335,165.4,276.0,105.2,16.8,3.73,17.4,26.7,63.2,8.3,312.4,1009.8,0.0
2026-09-07T21:00:00Z,Gurugram,28.4595,77.0266,312,135.5,228.1,91.2,14.7,3.24,18.9,24.4,71.4,7.2,303.7,1010.3,0.6
2026-09-07T22:00:00Z,Gurugram,28.4595,77.0266,386,231.6,392.8,76.3,17.2,2.67,17.0,23.6,72.3,5.0,311.0,1010.8,0.0
2026-09-07T23:00:00Z,Gurugram,28.4595,77.0266,387,233.6,399.3,68.1,15.2,2.37,18.8,22.3,75.9,5.3,312.7,1011.6,0.0
2026-09-08T00:00:00Z,Gurugram,28.4595,77.0266,421,270.0,464.5,76.1,16.9,2.65,18.5,21.2,80.7,3.7,309.5,1011.5,0.0
2026-09-08T01:00:00Z,Gurugram,28.4595,77.0266,406,253.8,438.8,48.6,15.5,1.69,19.3,20.4,84.1,3.5,304.9,1011.6,0.0
2026-09-08T02:00:00Z,Gurugram,28.4595,77.0266,415,262.0,454.6,49.2,15.6,1.71,16.8,19.9,85.1,2.2,300.3,1010.9,0.0
2026-09-08T03:00:00Z,Gurugram,28.4595,77.0266,412,258.3,449.4,47.8,15.2,1.67,18.0,20.3,83.4,2.6,309.7,1010.4,0.0
2026-09-08T04:00:00Z,Gurugram,28.4595,77.0266,453,298.4,519.4,55.0,17.5,1.92,19.3,20.8,83.5,3.3,292.6,1010.0,0.0
2026-09-08T05:00:00Z,Gurugram,28.4595,77.0266,415,261.1,454.2,69.1,15.4,2.41,17.0,22.5,76.4,3.5,299.1,1009.6,0.0
2026-09-08T06:00:00Z,Gurugram,28.4595,77.0266,414,260.9,452.8,69.9,15.6,2.44,16.2,23.1,76.4,4.8,294.3,1009.1,0.0
2026-09-08T07:00:00Z,Gurugram,28.4595,77.0266,357,193.5,334.5,71.0,16.4,2.51,16.2,24.6,70.7,6.0,295.9,1009.2,0.0
2026-09-08T08:00:00Z,Gurugram,28.4595,77.0266,349,184.1,316.7,93.9,16.1,3.32,29.2,27.1,64.8,6.8,284.7,1009.9,0.0
2026-09-08T09:00:00Z,Gurugram,28.4595,77.0266,337,168.2,287.4,88.7,15.2,3.14,37.7,27.4,60.4,8.0,282.4,1010.8,0.0
2026-09-08T10:00:00Z,Gurugram,28.4595,77.0266,341,173.3,293.9,95.0,16.2,3.36,46.7,30.1,55.5,10.0,287.9,1010.9,0.0
2026-09-08T11:00:00Z,Gurugram,28.4595,77.0266,336,166.1,279.5,70.1,16.2,2.48,57.5,31.5,48.2,10.5,282.3,1011.7,0.0
2026-09-08T12:00:00Z,Gurugram,28.4595,77.0266,336,167.2,279.0,73.4,16.9,2.6,62.3,31.5,46.0,10.5,283.7,1011.9,0.0
2026-09-08T13:00:00Z,Gurugram,28.4595,77.0266,320,145.7,241.3,66.2,15.3,2.34,66.6,33.0,42.7,11.7,271.4,1011.4,0.0
2026-09-08T14:00:00Z,Gurugram,28.4595,77.0266,323,150.1,247.1,70.1,16.2,2.48,59.8,32.8,45.3,12.2,283.3,1011.4,0.0
2026-09-08T15:00:00Z,Gurugram,28.4595,77.0266,316,140.1,229.6,66.5,15.4,2.36,53.8,32.3,45.7,11.0,287.6,1010.3,0.0
2026-09-08T16:00:00Z,Gurugram,28.4595,77.0266,320,146.1,239.1,69.8,16.1,2.47,40.8,31.5,48.4,11.5,297.3,1009.6,0.0
2026-09-08T17:00:00Z,Gurugram,28.4595,77.0266,314,137.7,225.7,65.4,15.1,2.31,31.9,31.3,51.6,11.4,282.6,1009.5,0.0
2026-09-08T18:00:00Z,Gurugram,28.4595,77.0266,320,145.2,239.0,98.2,15.6,3.48,19.2,28.8,52.6,10.0,293.1,1009.1,0.0
2026-09-08T19:00:00Z,Gurugram,28.4595,77.0266,326,153.9,254.8,101.3,16.1,3.59,16.4,28.0,60.6,8.6,291.3,1009.5,0.0
2026-09-08T20:00:00Z,Gurugram,28.4595,77.0266,330,158.4,264.3,100.8,16.1,3.57,17.2,26.4,64.3,6.5,294.3,1010.0,0.0
2026-09-08T21:00:00Z,Gurugram,28.4595,77.0266,323,150.0,252.3,91.8,14.6,3.25,16.9,25.0,67.7,6.7,314.6,1010.4,0.0
2026-09-08T22:00:00Z,Gurugram,28.4595,77.0266,382,225.9,383.3,74.4,16.8,2.61,16.5,23.4,74.3,5.5,307.5,1011.2,0.0
2026-09-08T23:00:00Z,Gurugram,28.4595,77.0266,396,244.6,418.1,71.3,15.9,2.48,18.1,22.7,76.8,4.0,316.1,1011.8,0.0
2026-09-02T00:00:00Z,Ghaziabad,28.6692,77.4538,460,314.7,531.9,88.7,24.9,3.12,16.4,21.6,79.0,2.9,302.8,1011.8,0.0
2026-09-02T01:00:00Z,Ghaziabad,28.6692,77.4538,474,326.8,555.2,62.7,25.2,2.21,18.9,20.9,81.8,4.0,307.3,1011.5,0.0
2026-09-02T02:00:00Z,Ghaziabad,28.6692,77.4538,482,333.4,568.4,62.6,25.1,2.2,17.8,19.9,83.6,3.9,314.7,1011.2,0.0
2026-09-02T03:00:00Z,Ghaziabad,28.6692,77.4538,449,300.3,513.2,55.6,22.4,1.96,19.7,21.0,85.6,2.4,305.6,1010.5,0.0
2026-09-02T04:00:00Z,Ghaziabad,28.6692,77.4538,478,329.2,563.1,60.7,24.4,2.14,18.9,21.8,81.2,3.6,310.9,1009.7,0.0
2026-09-02T05:00:00Z,Ghaziabad,28.6692,77.4538,467,317.7,543.0,84.1,23.6,2.96,19.9,21.7,77.6,4.5,306.5,1009.5,0.0
2026-09-02T06:00:00Z,Ghaziabad,28.6692,77.4538,465,317.1,540.6,85.0,23.9,2.99,16.5,24.2,75.3,4.8,304.3,1009.6,0.0
2026-09-02T07:00:00Z,Ghaziabad,28.6692,77.4538,383,228.1,387.5,83.8,24.4,3.0,18.8,24.8,70.2,6.8,287.1,1009.6,0.0
2026-09-02T08:00:00Z,Ghaziabad,28.6692,77.4538,365,204.4,345.5,104.3,22.5,3.73,28.4,27.2,64.7,6.9,290.0,1009.8,0.0
2026-09-02T09:00:00Z,Ghaziabad,28.6692,77.4538,359,196.8,330.5,103.9,22.4,3.72,36.9,28.8,59.6,9.6,284.5,1010.6,0.0
2026-09-02T10:00:00Z,Ghaziabad,28.6692,77.4538,364,202.7,337.9,111.2,24.0,3.98,50.6,29.3,53.9,9.9,285.4,1011.1,0.0
2026-09-02T11:00:00Z,Ghaziabad,28.6692,77.4538,344,176.8,292.3,74.7,21.8,2.67,57.6,30.4,51.6,11.3,281.0,1011.3,0.0
2026-09-02T12:00:00Z,Ghaziabad,28.6692,77.4538,354,190.2,311.8,83.5,24.4,2.99,63.4,31.2,47.9,10.7,275.7,1011.6,0.0
2026-09-02T13:00:00Z,Ghaziabad,28.6692,77.4538,350,184.6,300.3,83.9,24.5,3.0,64.8,32.0,45.9,10.9,286.8,1011.3,0.0
2026-09-02T14:00:00Z,Ghaziabad,28.6692,77.4538,345,177.8,287.5,83.0,24.2,2.97,59.7,33.1,45.2,12.1,276.8,1011.3,0.0
2026-09-02T15:00:00Z,Ghaziabad,28.6692,77.4538,332,161.7,260.4,76.8,22.4,2.75,52.8,32.6,46.8,11.6,293.5,1010.8,0.0
2026-09-02T16:00:00Z,Ghaziabad,28.6692,77.4538,342,174.5,280.6,83.4,24.3,2.98,44.9,30.9,45.4,11.6,293.1,1010.1,0.0
2026-09-02T17:00:00Z,Ghaziabad,28.6692,77.4538,342,174.1,280.4,82.7,24.1,2.96,32.1,31.1,50.6,11.2,292.1,1009.5,0.0
2026-09-02T18:00:00Z,Ghaziabad,28.6692,77.4538,339,170.0,274.9,115.1,23.2,4.12,17.5,29.2,52.4,10.1,288.7,1009.1,0.0
2026-09-02T19:00:00Z,Ghaziabad,28.6692,77.4538,338,169.6,275.9,111.7,22.5,4.0,18.8,27.9,59.1,7.9,300.6,1009.3,0.0
2026-09-02T20:00:00Z,Ghaziabad,28.6692,77.4538,349,183.7,301.2,117.0,23.5,4.19,18.6,25.9,62.3,7.1,293.5,1010.2,0.0
2026-09-02T21:00:00Z,Ghaziabad,28.6692,77.4538,346,179.0,296.0,109.7,22.1,3.93,16.7,24.9,69.5,6.1,311.3,1010.4,0.0
2026-09-02T22:00:00Z,Ghaziabad,28.6692,77.4538,394,242.2,403.7,79.8,22.7,2.82,16.9,22.8,74.0,5.1,308.7,1010.9,0.0
2026-09-02T23:00:00Z,Ghaziabad,28.6692,77.4538,461,317.1,532.4,92.5,26.0,3.26,19.3,22.0,77.4,3.8,314.5,1011.6,0.0
2026-09-03T00:00:00Z,Ghaziabad,28.6692,77.4538,455,309.5,523.0,87.2,24.5,3.07,18.5,22.1,78.9,3.9,308.9,1011.9,0.0
2026-09-03T01:00:00Z,Ghaziabad,28.6692,77.4538,454,307.0,521.5,58.9,23.7,2.07,18.2,21.4,84.2,2.8,317.8,1011.8,0.0
2026-09-03T02:00:00Z,Ghaziabad,28.6692,77.4538,465,316.7,540.0,59.5,23.9,2.09,16.2,20.2,86.1,3.6,305.5,1011.3,0.0
2026-09-03T03:00:00Z,Ghaziabad,28.6692,77.4538,496,347.4,593.6,64.4,25.8,2.27,18.2,21.3,81.8,3.2,314.6,1010.3,0.0
2026-09-03T04:00:00Z,Ghaziabad,28.6692,77.4538,470,321.2,549.3,59.2,23.8,2.09,16.4,20.5,79.1,3.9,308.0,1010.1,0.0
2026-09-03T05:00:00Z,Ghaziabad,28.6692,77.4538,495,346.5,592.1,91.7,25.8,3.23,19.0,22.3,79.2,5.3,304.4,1009.5,0.0
2026-09-03T06:00:00Z,Ghaziabad,28.6692,77.4538,448,299.9,511.4,87.5,24.9,3.1,18.2,22.9,73.8,4.9,286.8,1009.0,0.0
2026-09-03T07:00:00Z,Ghaziabad,28.6692,77.4538,425,277.4,471.2,82.6,23.5,2.92,16.1,25.1,67.8,5.9,288.9,1009.5,0.0
2026-09-03T08:00:00Z,Ghaziabad,28.6692,77.4538,371,212.5,359.1,108.4,23.4,3.88,28.6,26.8,64.2,7.8,289.9,1010.1,0.0
2026-09-03T09:00:00Z,Ghaziabad,28.6692,77.4538,353,189.2,317.6,99.8,21.6,3.57,39.0,27.4,61.0,7.9,290.1,1010.4,0.0
2026-09-03T10:00:00Z,Ghaziabad,28.6692,77.4538,349,183.7,306.1,100.7,21.8,3.6,49.0,29.4,53.5,10.1,281.5,1011.1,0.0
2026-09-03T11:00:00Z,Ghaziabad,28.6692,77.4538,361,199.8,330.4,84.4,24.6,3.02,58.9,31.2,50.1,11.6,273.4,1011.6,0.0
2026-09-03T12:00:00Z,Ghaziabad,28.6692,77.4538,338,169.5,277.9,74.4,21.7,2.66,61.8,32.1,46.0,12.3,281.1,1011.7,0.0
2026-09-03T13:00:00Z,Ghaziabad,28.6692,77.4538,351,185.6,301.9,84.3,24.6,3.02,63.8,32.5,44.9,12.7,276.6,1011.7,0.0
2026-09-03T14:00:00Z,Ghaziabad,28.6692,77.4538,345,178.8,289.0,83.4,24.3,2.99,59.6,32.4,44.7,12.0,275.2,1010.9,0.0
2026-09-03T15:00:00Z,Ghaziabad,28.6692,77.4538,346,179.9,289.7,85.5,24.9,3.06,52.7,31.8,46.2,12.6,291.4,1010.8,0.0
2026-09-03T16:00:00Z,Ghaziabad,28.6692,77.4538,335,165.4,266.0,79.0,23.1,2.83,42.5,31.8,45.6,10.5,279.5,1010.0,0.0
2026-09-03T17:00:00Z,Ghaziabad,28.6692,77.4538,332,161.9,260.7,76.9,22.4,2.75,30.0,30.1,50.6,9.9,293.5,1009.7,0.0
2026-09-03T18:00:00Z,Ghaziabad,28.6692,77.4538,335,164.7,266.3,111.5,22.4,3.99,17.7,29.7,53.0,9.9,296.3,1009.2,0.0
2026-09-03T19:00:00Z,Ghaziabad,28.6692,77.4538,349,183.8,299.1,121.1,24.4,4.33,16.5,27.3,57.6,8.1,303.7,1009.4,0.0
2026-09-03T20:00:00Z,Ghaziabad,28.6692,77.4538,348,181.9,298.2,115.8,23.3,4.14,16.7,26.9,65.9,7.4,299.7,1009.8,0.0
2026-09-03T21:00:00Z,Ghaziabad,28.6692,77.4538,347,180.3,298.1,110.5,22.2,3.96,19.5,25.1,70.9,7.1,298.4,1010.5,0.0
2026-09-03T22:00:00Z,Ghaziabad,28.6692,77.4538,405,256.8,428.0,84.6,24.1,3.0,17.6,22.8,71.9,4.3,308.1,1010.8,0.0
2026-09-03T23:00:00Z,Ghaziabad,28.6692,77.4538,436,292.4,491.0,85.3,24.0,3.0,19.1,22.4,80.2,4.4,310.4,1011.8,0.0
2026-09-04T00:00:00Z,Ghaziabad,28.6692,77.4538,448,302.2,510.8,85.2,24.0,3.0,18.0,21.1,79.9,4.1,314.7,1011.6,0.0
2026-09-04T01:00:00Z,Ghaziabad,28.6692,77.4538,466,318.4,540.9,61.1,24.5,2.15,16.7,20.5,83.3,3.5,316.4,1011.7,0.0
2026-09-04T02:00:00Z,Ghaziabad,28.6692,77.4538,492,343.4,585.5,64.5,25.9,2.27,18.9,20.5,83.7,2.4,317.0,1011.2,0.0
2026-09-04T03:00:00Z,Ghaziabad,28.6692,77.4538,466,317.0,541.6,58.7,23.6,2.07,16.2,20.7,82.6,2.6,305.4,1010.2,0.0
2026-09-04T04:00:00Z,Ghaziabad,28.6692,77.4538,451,301.6,515.7,55.6,22.3,1.96,19.9,20.8,83.4,3.3,301.9,1009.9,0.0
2026-09-04T05:00:00Z,Ghaziabad,28.6692,77.4538,460,311.5,532.2,82.4,23.2,2.9,18.2,22.0,79.2,4.4,305.5,1009.7,0.0
2026-09-04T06:00:00Z,Ghaziabad,28.6692,77.4538,436,287.2,489.7,83.7,23.8,2.96,17.5,23.0,74.8,5.0,298.1,1009.5,0.0
2026-09-04T07:00:00Z,Ghaziabad,28.6692,77.4538,373,215.1,365.3,79.0,23.0,2.83,18.4,25.6,69.3,6.0,298.5,1009.5,0.0
2026-09-04T08:00:00Z,Ghaziabad,28.6692,77.4538,362,199.9,337.9,102.0,22.0,3.65,26.9,26.5,62.2,6.8,279.0,1010.0,0.0
2026-09-04T09:00:00Z,Ghaziabad,28.6692,77.4538,369,209.7,352.1,110.7,23.9,3.96,38.2,27.8,59.9,7.9,279.0,1010.7,0.0
2026-09-04T10:00:00Z,Ghaziabad,28.6692,77.4538,347,180.7,301.2,99.1,21.4,3.55,50.1,29.5,52.6,9.1,288.7,1010.8,0.0
2026-09-04T11:00:00Z,Ghaziabad,28.6692,77.4538,346,180.2,297.9,76.1,22.2,2.73,56.2,30.2,50.5,9.8,282.0,1011.3,0.0
2026-09-04T12:00:00Z,Ghaziabad,28.6692,77.4538,350,185.0,303.4,81.2,23.7,2.91,62.2,32.4,47.2,11.5,270.4,1011.8,0.0
2026-09-04T13:00:00Z,Ghaziabad,28.6692,77.4538,349,183.5,298.6,83.4,24.3,2.98,65.2,31.6,44.4,12.8,287.9,1011.3,0.0
2026-09-04T14:00:00Z,Ghaziabad,28.6692,77.4538,343,175.8,284.2,82.0,23.9,2.94,59.7,33.0,45.6,11.4,285.2,1011.0,0.0
2026-09-04T15:00:00Z,Ghaziabad,28.6692,77.4538,330,158.8,255.7,75.4,22.0,2.7,54.8,32.2,45.1,11.3,282.1,1010.3,0.0
2026-09-04T16:00:00Z,Ghaziabad,28.6692,77.4538,338,168.8,271.4,80.7,23.5,2.89,41.1,31.7,46.3,10.7,279.4,1009.9,0.0
2026-09-04T17:00:00Z,Ghaziabad,28.6692,77.4538,338,169.5,272.9,80.5,23.5,2.88,31.7,31.2,49.9,9.9,290.8,1009.2,0.0
2026-09-04T18:00:00Z,Ghaziabad,28.6692,77.4538,329,157.3,254.3,106.5,21.4,3.81,18.1,30.1,55.4,10.0,295.4,1009.2,0.0
2026-09-04T19:00:00Z,Ghaziabad,28.6692,77.4538,347,181.0,294.6,119.3,24.0,4.27,19.0,27.6,60.3,9.2,296.5,1009.5,0.0
2026-09-04T20:00:00Z,Ghaziabad,28.6692,77.4538,354,190.7,312.7,121.4,24.4,4.35,17.1,26.8,62.0,6.8,302.0,1009.7,0.0
2026-09-04T21:00:00Z,Ghaziabad,28.6692,77.4538,397,246.7,407.8,122.6,24.1,4.34,16.5,25.5,68.7,5.7,309.8,1010.7,0.0
2026-09-04T22:00:00Z,Ghaziabad,28.6692,77.4538,392,239.5,399.2,78.9,22.4,2.79,18.6,22.7,74.8,5.6,304.3,1011.0,0.0
2026-09-04T23:00:00Z,Ghaziabad,28.6692,77.4538,446,302.2,507.5,88.2,24.8,3.1,19.0,21.9,79.9,4.2,306.8,1011.4,0.0
2026-09-05T00:00:00Z,Ghaziabad,28.6692,77.4538,438,292.0,493.4,82.3,23.1,2.9,17.2,21.2,82.7,3.6,307.4,1011.7,0.0
2026-09-05T01:00:00Z,Ghaziabad,28.6692,77.4538,472,325.1,552.3,62.4,25.0,2.2,17.8,20.5,84.3,3.6,316.6,1011.6,0.0
2026-09-05T02:00:00Z,Ghaziabad,28.6692,77.4538,470,322.1,549.1,60.5,24.3,2.13,18.8,20.8,82.3,2.4,306.0,1011.0,0.0
2026-09-05T03:00:00Z,Ghaziabad,28.6692,77.4538,454,305.3,521.8,56.6,22.7,1.99,19.7,21.0,81.6,4.1,295.7,1010.3,0.0
2026-09-05T04:00:00Z,Ghaziabad,28.6692,77.4538,468,319.1,545.8,58.9,23.6,2.07,19.9,21.2,79.1,3.0,294.1,1009.6,0.0
2026-09-05T05:00:00Z,Ghaziabad,28.6692,77.4538,489,340.3,581.5,90.1,25.3,3.17,18.6,22.4,78.2,4.7,300.8,1009.7,0.0
2026-09-05T06:00:00Z,Ghaziabad,28.6692,77.4538,414,265.1,451.9,77.3,22.0,2.74,18.4,23.4,72.5,5.6,301.1,1009.2,0.0
2026-09-05T07:00:00Z,Ghaziabad,28.6692,77.4538,406,258.0,438.2,76.8,21.9,2.72,16.6,25.0,67.8,5.7,281.8,1009.3,0.0
2026-09-05T08:00:00Z,Ghaziabad,28.6692,77.4538,369,210.2,355.3,107.2,23.2,3.84,28.6,27.3,65.4,7.2,285.4,1010.0,0.0
2026-09-05T09:00:00Z,Ghaziabad,28.6692,77.4538,360,197.6,331.9,104.3,22.5,3.73,41.2,27.4,56.8,8.2,291.0,1010.7,0.0
2026-09-05T10:00:00Z,Ghaziabad,28.6692,77.4538,352,187.5,312.6,102.8,22.2,3.68,48.6,29.1,54.5,9.1,290.6,1011.1,0.0
2026-09-05T11:00:00Z,Ghaziabad,28.6692,77.4538,362,201.1,332.5,85.0,24.8,3.04,60.6,30.1,47.7,10.3,289.5,1011.7,0.0
2026-09-05T12:00:00Z,Ghaziabad,28.6692,77.4538,353,188.2,308.5,82.6,24.1,2.96,64.1,32.2,47.1,11.8,289.3,1011.7,0.0
2026-09-05T13:00:00Z,Ghaziabad,28.6692,77.4538,334,163.6,266.2,74.3,21.7,2.66,63.0,33.0,44.5,11.8,282.2,1011.3,0.0
2026-09-05T14:00:00Z,Ghaziabad,28.6692,77.4538,348,182.0,294.3,85.0,24.8,3.04,59.9,32.7,46.5,12.4,276.6,1011.0,0.0
2026-09-05T15:00:00Z,Ghaziabad,28.6692,77.4538,343,175.3,282.3,83.3,24.3,2.98,51.1,31.5,46.3,11.3,276.3,1010.6,0.0
2026-09-05T16:00:00Z,Ghaziabad,28.6692,77.4538,126,68.2,109.7,72.6,22.4,2.67,44.4,32.4,46.6,11.1,295.4,1009.8,3.7
2026-09-05T17:00:00Z,Ghaziabad,28.6692,77.4538,270,111.1,178.9,71.8,21.5,2.6,31.1,30.7,48.4,11.2,298.6,1009.3,1.7
2026-09-05T18:00:00Z,Ghaziabad,28.6692,77.4538,192,87.7,141.8,108.7,22.9,3.98,18.2,28.9,52.0,10.6,298.5,1009.4,2.8
2026-09-05T19:00:00Z,Ghaziabad,28.6692,77.4538,145,73.8,120.1,108.3,23.1,3.98,18.0,27.3,58.7,8.9,298.7,1009.8,3.5
2026-09-05T20:00:00Z,Ghaziabad,28.6692,77.4538,337,167.5,274.7,106.6,21.5,3.82,19.2,27.3,66.1,7.1,296.9,1009.9,0.0
2026-09-05T21:00:00Z,Ghaziabad,28.6692,77.4538,345,177.7,293.7,108.9,21.9,3.9,19.9,24.9,69.4,6.3,303.5,1010.6,0.0
2026-09-05T22:00:00Z,Ghaziabad,28.6692,77.4538,405,256.8,428.0,84.6,24.1,2.99,17.3,23.8,73.8,5.6,298.2,1010.9,0.0
2026-09-05T23:00:00Z,Ghaziabad,28.6692,77.4538,443,299.0,502.1,87.2,24.5,3.07,17.5,22.4,76.9,4.4,304.2,1011.5,0.0
2026-09-06T00:00:00Z,Ghaziabad,28.6692,77.4538,439,293.2,495.6,82.7,23.2,2.91,16.7,21.3,79.9,4.0,307.4,1011.9,0.0
2026-09-06T01:00:00Z,Ghaziabad,28.6692,77.4538,447,299.5,508.8,57.4,23.1,2.02,17.7,20.1,83.7,2.6,301.5,1011.4,0.0
2026-09-06T02:00:00Z,Ghaziabad,28.6692,77.4538,451,302.9,516.5,56.9,22.8,2.0,18.0,20.3,82.2,3.9,301.0,1011.3,0.0
2026-09-06T03:00:00Z,Ghaziabad,28.6692,77.4538,462,313.4,535.5,58.1,23.3,2.04,18.2,21.5,85.1,3.2,310.0,1010.7,0.0
2026-09-06T04:00:00Z,Ghaziabad,28.6692,77.4538,473,323.9,554.0,59.8,24.0,2.1,18.5,21.4,80.8,4.0,293.7,1010.1,0.0
2026-09-06T05:00:00Z,Ghaziabad,28.6692,77.4538,460,311.2,531.7,82.4,23.2,2.9,16.1,22.2,77.3,4.0,300.1,1009.7,0.0
2026-09-06T06:00:00Z,Ghaziabad,28.6692,77.4538,408,259.4,442.3,83.3,24.0,2.96,16.7,22.9,75.8,6.2,289.0,1009.3,0.0
2026-09-06T07:00:00Z,Ghaziabad,28.6692,77.4538,384,229.1,389.2,84.1,24.5,3.01,17.5,25.4,68.5,6.7,290.9,1009.6,0.0
2026-09-06T08:00:00Z,Ghaziabad,28.6692,77.4538,365,204.2,345.0,104.1,22.5,3.73,28.3,26.2,64.7,6.8,280.9,1010.1,0.0
2026-09-06T09:00:00Z,Ghaziabad,28.6692,77.4538,359,196.6,330.2,103.8,22.4,3.72,37.2,28.2,60.6,7.8,277.6,1010.3,0.0
2026-09-06T10:00:00Z,Ghaziabad,28.6692,77.4538,354,190.7,317.9,104.6,22.6,3.74,49.2,29.1,54.7,9.3,280.9,1011.3,0.0
2026-09-06T11:00:00Z,Ghaziabad,28.6692,77.4538,356,192.3,317.9,81.3,23.7,2.91,59.9,31.5,49.4,10.0,271.0,1011.7,0.0
2026-09-06T12:00:00Z,Ghaziabad,28.6692,77.4538,355,191.3,313.7,84.0,24.5,3.01,64.8,32.0,44.6,10.7,272.1,1011.4,0.0
2026-09-06T13:00:00Z,Ghaziabad,28.6692,77.4538,335,164.7,268.0,74.8,21.8,2.68,65.5,31.5,44.2,12.4,272.2,1011.4,0.0
2026-09-06T14:00:00Z,Ghaziabad,28.6692,77.4538,331,159.7,258.2,74.5,21.7,2.67,63.1,33.1,43.0,11.5,277.7,1011.2,0.0
2026-09-06T15:00:00Z,Ghaziabad,28.6692,77.4538,346,179.4,288.9,85.2,24.9,3.05,53.4,31.5,45.5,12.6,280.9,1010.5,0.0
2026-09-06T16:00:00Z,Ghaziabad,28.6692,77.4538,337,168.3,270.7,80.4,23.5,2.88,43.4,31.3,46.4,12.3,291.5,1009.7,0.0
2026-09-06T17:00:00Z,Ghaziabad,28.6692,77.4538,333,162.7,261.9,77.3,22.5,2.77,30.4,31.0,50.2,10.7,293.9,1009.3,0.0
2026-09-06T18:00:00Z,Ghaziabad,28.6692,77.4538,328,156.1,252.4,105.7,21.3,3.78,19.3,30.0,53.7,9.5,290.2,1009.2,0.0
2026-09-06T19:00:00Z,Ghaziabad,28.6692,77.4538,351,186.8,303.9,123.1,24.8,4.4,17.9,28.6,58.0,8.6,289.0,1009.7,0.0
2026-09-06T20:00:00Z,Ghaziabad,28.6692,77.4538,344,176.7,289.8,112.5,22.6,4.03,17.6,25.7,63.7,7.1,297.1,1009.6,0.0
2026-09-06T21:00:00Z,Ghaziabad,28.6692,77.4538,391,238.9,395.0,118.7,23.3,4.2,17.1,25.0,68.7,5.7,310.3,1010.4,0.0
2026-09-06T22:00:00Z,Ghaziabad,28.6692,77.4538,408,261.0,435.0,86.0,24.5,3.04,17.1,23.4,72.7,5.8,316.2,1011.3,0.0
2026-09-06T23:00:00Z,Ghaziabad,28.6692,77.4538,428,283.8,476.6,82.8,23.3,2.92,18.5,22.6,79.7,4.1,316.6,1011.3,0.0
2026-09-07T00:00:00Z,Ghaziabad,28.6692,77.4538,428,282.1,476.6,79.5,22.4,2.8,18.1,21.5,80.2,3.8,303.8,1011.4,0.0
2026-09-07T01:00:00Z,Ghaziabad,28.6692,77.4538,447,299.4,508.5,57.4,23.1,2.02,16.6,20.2,81.3,2.7,313.8,1011.7,0.0
2026-09-07T02:00:00Z,Ghaziabad,28.6692,77.4538,466,317.6,541.5,59.6,24.0,2.1,19.2,20.5,83.2,2.6,314.0,1011.4,0.0
2026-09-07T03:00:00Z,Ghaziabad,28.6692,77.4538,451,301.5,515.2,55.9,22.4,1.97,17.9,20.4,85.0,4.1,296.7,1010.7,0.0
2026-09-07T04:00:00Z,Ghaziabad,28.6692,77.4538,488,339.1,579.9,62.5,25.1,2.2,17.0,20.8,83.0,4.2,309.1,1009.7,0.0
2026-09-07T05:00:00Z,Ghaziabad,28.6692,77.4538,487,337.8,577.2,89.4,25.1,3.15,18.1,22.7,77.9,4.8,289.6,1009.4,0.0
2026-09-07T06:00:00Z,Ghaziabad,28.6692,77.4538,441,292.4,498.5,85.2,24.3,3.02,16.2,24.3,73.9,5.6,291.2,1009.2,0.0
2026-09-07T07:00:00Z,Ghaziabad,28.6692,77.4538,445,297.8,505.8,88.7,25.2,3.14,19.5,25.6,69.3,5.8,293.9,1009.3,0.0
2026-09-07T08:00:00Z,Ghaziabad,28.6692,77.4538,363,202.1,341.6,103.1,22.3,3.69,26.7,26.0,62.1,7.8,284.0,1009.7,0.0
2026-09-07T09:00:00Z,Ghaziabad,28.6692,77.4538,366,205.7,345.4,108.6,23.5,3.89,39.0,28.5,56.4,7.7,290.1,1010.5,0.0
2026-09-07T10:00:00Z,Ghaziabad,28.6692,77.4538,370,210.5,350.8,115.4,24.9,4.13,50.5,28.8,52.3,8.9,284.4,1011.4,0.0
2026-09-07T11:00:00Z,Ghaziabad,28.6692,77.4538,346,179.4,296.6,75.8,22.1,2.71,59.4,30.0,50.6,11.1,286.3,1011.3,0.0
2026-09-07T12:00:00Z,Ghaziabad,28.6692,77.4538,351,185.8,304.7,81.6,23.8,2.92,62.0,32.2,48.0,12.0,278.8,1011.5,0.0
2026-09-07T13:00:00Z,Ghaziabad,28.6692,77.4538,346,179.8,292.6,81.7,23.8,2.92,62.1,31.7,46.7,11.8,279.3,1011.4,0.0
2026-09-07T14:00:00Z,Ghaziabad,28.6692,77.4538,347,180.9,292.5,84.5,24.6,3.02,61.9,32.0,43.2,12.5,277.5,1011.3,0.0
2026-09-07T15:00:00Z,Ghaziabad,28.6692,77.4538,326,153.4,247.0,72.9,21.3,2.61,54.9,31.6,43.0,11.4,279.7,1010.4,0.0
2026-09-07T16:00:00Z,Ghaziabad,28.6692,77.4538,330,158.8,255.4,75.9,22.1,2.72,44.2,31.5,45.1,10.4,294.6,1010.1,0.0
2026-09-07T17:00:00Z,Ghaziabad,28.6692,77.4538,337,168.1,270.7,79.9,23.3,2.86,30.8,31.0,50.1,10.5,291.6,1009.5,0.0
2026-09-07T18:00:00Z,Ghaziabad,28.6692,77.4538,345,178.8,289.1,121.0,24.3,4.33,16.5,29.2,54.7,9.0,295.5,1009.0,0.0
2026-09-07T19:00:00Z,Ghaziabad,28.6692,77.4538,349,183.7,298.9,121.0,24.3,4.33,18.6,28.7,57.3,8.6,290.9,1009.5,0.0
2026-09-07T20:00:00Z,Ghaziabad,28.6692,77.4538,337,168.0,275.4,107.0,21.5,3.83,19.7,26.5,65.0,7.0,299.8,1010.0,0.0
2026-09-07T21:00:00Z,Ghaziabad,28.6692,77.4538,348,182.4,301.5,115.1,23.2,4.13,19.8,24.5,69.1,7.1,297.2,1010.7,0.2
2026-09-07T22:00:00Z,Ghaziabad,28.6692,77.4538,388,234.9,391.4,77.4,22.0,2.74,16.3,23.4,73.3,5.7,314.5,1011.0,0.0
2026-09-07T23:00:00Z,Ghaziabad,28.6692,77.4538,439,295.2,495.7,86.1,24.2,3.03,16.8,21.9,80.4,5.2,301.4,1011.7,0.0
2026-09-08T00:00:00Z,Ghaziabad,28.6692,77.4538,446,299.8,506.7,84.5,23.8,2.98,16.4,21.3,80.1,3.9,303.6,1011.8,0.0
2026-09-08T01:00:00Z,Ghaziabad,28.6692,77.4538,443,296.1,502.9,56.8,22.8,2.0,16.7,20.9,82.6,3.1,312.8,1011.8,0.0
2026-09-08T02:00:00Z,Ghaziabad,28.6692,77.4538,460,311.9,531.8,58.6,23.5,2.06,17.3,20.3,83.2,2.3,318.0,1011.1,0.0
2026-09-08T03:00:00Z,Ghaziabad,28.6692,77.4538,484,335.4,573.2,62.1,25.0,2.19,18.4,21.5,82.4,2.9,310.9,1010.5,0.0
2026-09-08T04:00:00Z,Ghaziabad,28.6692,77.4538,498,349.2,597.1,64.4,25.9,2.27,17.8,21.4,79.9,4.1,311.0,1009.8,0.0
2026-09-08T05:00:00Z,Ghaziabad,28.6692,77.4538,498,349.3,596.9,92.4,26.0,3.26,17.2,22.1,79.3,5.3,300.8,1009.5,0.0
2026-09-08T06:00:00Z,Ghaziabad,28.6692,77.4538,382,227.0,387.1,81.6,23.8,2.92,17.1,23.2,72.6,6.0,285.4,1009.5,0.0
2026-09-08T07:00:00Z,Ghaziabad,28.6692,77.4538,370,210.7,357.9,77.4,22.6,2.77,16.6,25.0,69.5,7.2,284.2,1009.2,0.0
2026-09-08T08:00:00Z,Ghaziabad,28.6692,77.4538,366,206.3,348.6,105.2,22.7,3.77,29.5,26.3,64.4,7.0,293.7,1009.7,0.0
2026-09-08T09:00:00Z,Ghaziabad,28.6692,77.4538,368,208.7,350.5,110.2,23.8,3.94,38.6,28.4,59.9,9.3,277.9,1010.7,0.0
2026-09-08T10:00:00Z,Ghaziabad,28.6692,77.4538,348,181.8,303.1,99.7,21.5,3.57,47.2,30.2,54.5,9.4,286.6,1011.1,0.0
2026-09-08T11:00:00Z,Ghaziabad,28.6692,77.4538,360,198.5,328.2,83.9,24.5,3.0,57.2,31.2,49.1,11.3,278.8,1011.8,0.0
2026-09-08T12:00:00Z,Ghaziabad,28.6692,77.4538,342,174.7,286.5,76.7,22.4,2.75,61.2,31.9,47.2,10.4,285.5,1011.6,0.0
2026-09-08T13:00:00Z,Ghaziabad,28.6692,77.4538,347,180.8,294.1,82.1,24.0,2.94,65.3,32.4,42.9,11.9,274.9,1011.3,0.0
2026-09-08T14:00:00Z,Ghaziabad,28.6692,77.4538,336,166.8,269.7,77.9,22.7,2.79,59.5,32.4,44.5,12.0,276.5,1011.0,0.0
2026-09-08T15:00:00Z,Ghaziabad,28.6692,77.4538,336,166.8,268.6,79.2,23.1,2.84,54.5,31.6,45.0,10.9,282.4,1010.3,0.0
2026-09-08T16:00:00Z,Ghaziabad,28.6692,77.4538,329,157.7,253.5,75.3,22.0,2.7,43.8,31.1,44.9,11.5,287.3,1010.0,0.0
2026-09-08T17:00:00Z,Ghaziabad,28.6692,77.4538,345,178.1,286.7,84.6,24.7,3.03,28.9,31.1,48.6,9.8,296.7,1009.4,0.0
2026-09-08T18:00:00Z,Ghaziabad,28.6692,77.4538,328,156.8,253.5,106.1,21.3,3.8,17.2,29.8,53.6,9.4,291.4,1009.4,0.0
2026-09-08T19:00:00Z,Ghaziabad,28.6692,77.4538,332,161.6,263.0,106.5,21.4,3.81,19.3,28.8,59.4,9.6,297.7,1009.2,0.0
2026-09-08T20:00:00Z,Ghaziabad,28.6692,77.4538,337,167.5,274.7,106.7,21.5,3.82,19.8,26.0,63.4,8.0,309.6,1009.7,0.0
2026-09-08T21:00:00Z,Ghaziabad,28.6692,77.4538,343,175.8,290.6,107.7,21.7,3.86,17.8,25.6,71.0,7.0,295.9,1010.6,0.0
2026-09-08T22:00:00Z,Ghaziabad,28.6692,77.4538,395,243.7,406.2,80.3,22.8,2.84,17.9,22.7,72.5,5.3,302.1,1011.1,0.0
2026-09-08T23:00:00Z,Ghaziabad,28.6692,77.4538,445,301.4,506.1,87.9,24.7,3.1,16.2,22.6,76.3,4.7,299.9,1011.6,0.0
2026-09-02T00:00:00Z,Faridabad,28.4089,77.3178,438,290.7,494.0,80.5,22.4,2.86,16.0,20.8,80.2,4.2,312.4,1011.4,0.0
2026-09-02T01:00:00Z,Faridabad,28.4089,77.3178,419,269.4,460.2,50.7,20.2,1.81,19.5,20.5,82.2,3.9,312.7,1011.8,0.0
2026-09-02T02:00:00Z,Faridabad,28.4089,77.3178,439,289.4,496.1,53.4,21.3,1.9,19.5,20.7,82.7,2.8,317.5,1010.9,0.0
2026-09-02T03:00:00Z,Faridabad,28.4089,77.3178,430,279.0,479.4,50.8,20.2,1.81,17.0,20.8,81.8,3.2,304.8,1010.8,0.0
2026-09-02T04:00:00Z,Faridabad,28.4089,77.3178,447,296.3,509.5,53.7,21.4,1.91,18.5,21.4,80.5,3.4,295.6,1009.8,0.0
2026-09-02T05:00:00Z,Faridabad,28.4089,77.3178,471,320.4,550.6,83.3,23.2,2.96,19.6,21.8,80.5,4.3,305.1,1009.5,0.0
2026-09-02T06:00:00Z,Faridabad,28.4089,77.3178,434,284.3,487.4,81.4,23.0,2.91,18.6,24.0,71.6,5.4,290.6,1009.1,0.0
2026-09-02T07:00:00Z,Faridabad,28.4089,77.3178,356,192.5,328.8,69.4,20.1,2.51,17.0,24.3,68.6,7.3,293.4,1009.5,0.0
2026-09-02T08:00:00Z,Faridabad,28.4089,77.3178,351,186.5,316.9,93.4,20.0,3.38,26.0,25.9,66.4,8.3,284.1,1009.9,0.0
2026-09-02T09:00:00Z,Faridabad,28.4089,77.3178,354,189.8,320.4,98.4,21.1,3.56,36.7,28.1,60.3,9.4,280.6,1010.6,0.0
2026-09-02T10:00:00Z,Faridabad,28.4089,77.3178,344,176.7,296.1,95.1,20.4,3.44,48.3,30.3,56.4,9.0,290.7,1011.4,0.0
2026-09-02T11:00:00Z,Faridabad,28.4089,77.3178,348,182.4,303.1,75.7,21.9,2.74,60.5,31.5,47.9,10.3,288.1,1011.7,0.0
2026-09-02T12:00:00Z,Faridabad,28.4089,77.3178,346,180.0,296.8,77.6,22.5,2.81,62.8,31.6,46.2,11.3,288.7,1011.9,0.0
2026-09-02T13:00:00Z,Faridabad,28.4089,77.3178,328,156.6,256.3,69.9,20.2,2.53,66.1,32.7,42.7,11.2,285.8,1011.6,0.0
2026-09-02T14:00:00Z,Faridabad,28.4089,77.3178,329,157.8,256.5,72.3,20.9,2.62,62.0,32.1,42.7,12.4,279.2,1011.2,0.0
2026-09-02T15:00:00Z,Faridabad,28.4089,77.3178,321,146.6,237.4,68.4,19.8,2.47,51.9,32.5,45.7,11.6,291.4,1010.5,0.0
2026-09-02T16:00:00Z,Faridabad,28.4089,77.3178,331,160.7,259.8,75.4,21.8,2.73,44.3,30.9,48.0,10.4,282.9,1009.8,0.0
2026-09-02T17:00:00Z,Faridabad,28.4089,77.3178,327,155.4,251.6,72.5,21.0,2.62,30.0,31.2,47.7,11.5,300.8,1009.7,0.0
2026-09-02T18:00:00Z,Faridabad,28.4089,77.3178,327,155.3,252.5,103.3,20.6,3.73,17.3,29.4,52.7,9.6,285.8,1009.4,0.0
2026-09-02T19:00:00Z,Faridabad,28.4089,77.3178,339,170.2,278.4,110.1,22.0,3.98,18.1,28.2,60.0,8.9,299.4,1009.7,0.0
2026-09-02T20:00:00Z,Faridabad,28.4089,77.3178,335,165.5,272.9,103.5,20.6,3.74,18.9,26.4,65.6,6.6,312.4,1009.9,0.0
2026-09-02T21:00:00Z,Faridabad,28.4089,77.3178,340,172.1,286.0,103.6,20.7,3.74,17.2,25.0,69.3,6.6,296.6,1010.4,0.0
2026-09-02T22:00:00Z,Faridabad,28.4089,77.3178,390,237.2,397.6,76.8,21.7,2.74,16.6,24.0,73.8,5.1,310.3,1010.8,0.0
2026-09-02T23:00:00Z,Faridabad,28.4089,77.3178,439,293.4,495.3,84.0,23.4,2.99,18.8,22.8,77.9,4.8,301.8,1011.7,0.0
2026-09-03T00:00:00Z,Faridabad,28.4089,77.3178,441,293.3,498.5,81.2,22.6,2.89,16.8,20.7,80.9,3.5,303.6,1011.8,0.0
2026-09-03T01:00:00Z,Faridabad,28.4089,77.3178,451,302.1,516.0,56.9,22.7,2.02,16.5,20.6,82.1,3.5,317.6,1011.7,0.0
2026-09-03T02:00:00Z,Faridabad,28.4089,77.3178,462,312.1,535.0,57.5,22.9,2.05,18.0,19.9,83.7,2.7,308.5,1011.0,0.0
2026-09-03T03:00:00Z,Faridabad,28.4089,77.3178,456,305.3,524.6,55.6,22.1,1.98,18.6,21.4,82.7,2.9,311.0,1010.7,0.0
2026-09-03T04:00:00Z,Faridabad,28.4089,77.3178,445,294.2,506.0,53.3,21.2,1.9,19.1,20.7,83.2,3.0,306.7,1009.9,0.0
2026-09-03T05:00:00Z,Faridabad,28.4089,77.3178,459,308.1,529.3,80.1,22.3,2.85,17.0,22.2,78.8,3.6,291.5,1009.3,0.0
2026-09-03T06:00:00Z,Faridabad,28.4089,77.3178,436,285.7,489.8,75.2,21.0,2.68,18.4,23.4,75.8,5.3,285.1,1009.5,0.0
2026-09-03T07:00:00Z,Faridabad,28.4089,77.3178,413,263.7,450.4,77.1,21.8,2.76,18.5,24.9,68.7,5.5,293.1,1009.3,0.0
2026-09-03T08:00:00Z,Faridabad,28.4089,77.3178,347,181.1,307.8,90.7,19.4,3.28,29.0,26.6,65.6,6.6,280.5,1010.0,0.0
2026-09-03T09:00:00Z,Faridabad,28.4089,77.3178,351,186.6,315.0,96.7,20.7,3.5,36.8,28.3,60.5,8.3,292.8,1010.2,0.0
2026-09-03T10:00:00Z,Faridabad,28.4089,77.3178,341,172.6,289.3,93.0,19.9,3.36,48.7,29.8,54.6,10.1,283.9,1011.3,0.0
2026-09-03T11:00:00Z,Faridabad,28.4089,77.3178,340,171.5,285.2,71.2,20.6,2.57,54.9,30.9,52.0,9.9,276.5,1011.5,0.0
2026-09-03T12:00:00Z,Faridabad,28.4089,77.3178,333,162.3,267.5,70.0,20.2,2.53,63.3,31.6,46.9,11.0,272.7,1011.8,0.0
2026-09-03T13:00:00Z,Faridabad,28.4089,77.3178,336,166.1,271.7,74.1,21.4,2.68,65.9,32.3,45.7,12.1,272.7,1011.7,0.0
2026-09-03T14:00:00Z,Faridabad,28.4089,77.3178,332,161.1,261.9,73.9,21.4,2.67,60.0,32.5,44.9,12.9,291.7,1011.0,0.0
2026-09-03T15:00:00Z,Faridabad,28.4089,77.3178,328,156.1,252.8,72.8,21.1,2.63,52.9,32.3,47.2,11.6,277.0,1010.5,0.0
2026-09-03T16:00:00Z,Faridabad,28.4089,77.3178,317,142.4,230.2,66.8,19.3,2.42,41.4,31.7,45.1,11.6,291.7,1010.2,0.0
2026-09-03T17:00:00Z,Faridabad,28.4089,77.3178,326,153.5,248.5,71.6,20.7,2.59,30.0,30.9,47.9,11.4,297.1,1009.8,0.0
2026-09-03T18:00:00Z,Faridabad,28.4089,77.3178,335,165.7,269.4,110.2,22.0,3.98,17.2,29.6,54.7,8.8,289.0,1009.2,0.0
2026-09-03T19:00:00Z,Faridabad,28.4089,77.3178,337,168.5,275.7,109.0,21.8,3.94,18.5,28.1,57.9,7.7,302.6,1009.4,0.0
2026-09-03T20:00:00Z,Faridabad,28.4089,77.3178,346,179.6,296.0,112.3,22.4,4.06,19.2,25.7,62.4,7.2,299.3,1010.0,0.0
2026-09-03T21:00:00Z,Faridabad,28.4089,77.3178,339,170.3,283.1,102.5,20.4,3.71,19.1,25.2,69.1,6.6,313.4,1010.5,0.0
2026-09-03T22:00:00Z,Faridabad,28.4089,77.3178,405,256.1,429.2,76.2,21.3,2.71,18.1,23.4,75.2,5.9,304.0,1011.2,0.0
2026-09-03T23:00:00Z,Faridabad,28.4089,77.3178,440,294.7,497.6,84.4,23.5,3.0,17.1,21.8,79.1,4.9,317.2,1011.5,0.0
2026-09-04T00:00:00Z,Faridabad,28.4089,77.3178,426,278.7,473.5,77.2,21.5,2.74,18.4,20.6,83.7,3.9,316.8,1011.7,0.0
2026-09-04T01:00:00Z,Faridabad,28.4089,77.3178,437,287.9,491.7,54.2,21.6,1.93,18.0,21.3,84.6,3.6,305.8,1011.3,0.0
2026-09-04T02:00:00Z,Faridabad,28.4089,77.3178,430,279.7,479.5,51.6,20.5,1.83,19.1,20.1,83.8,3.9,302.3,1011.0,0.0
2026-09-04T03:00:00Z,Faridabad,28.4089,77.3178,453,302.1,519.1,55.0,21.9,1.96,16.8,21.1,85.4,3.0,296.1,1010.5,0.0
2026-09-04T04:00:00Z,Faridabad,28.4089,77.3178,473,321.5,552.9,58.2,23.2,2.07,19.3,22.0,82.5,3.7,308.0,1009.7,0.0
2026-09-04T05:00:00Z,Faridabad,28.4089,77.3178,463,312.5,536.9,81.2,22.6,2.89,18.1,23.0,79.0,3.6,303.4,1009.4,0.0
2026-09-04T06:00:00Z,Faridabad,28.4089,77.3178,447,296.6,508.5,78.1,21.8,2.78,16.2,22.7,76.2,5.6,296.9,1009.1,0.0
2026-09-04T07:00:00Z,Faridabad,28.4089,77.3178,372,213.9,365.4,77.2,22.3,2.79,17.3,25.0,70.0,6.0,292.7,1009.3,0.0
2026-09-04T08:00:00Z,Faridabad,28.4089,77.3178,350,184.7,313.8,92.5,19.8,3.34,27.1,26.0,62.9,7.1,286.3,1009.7,0.0
2026-09-04T09:00:00Z,Faridabad,28.4089,77.3178,349,183.6,309.9,95.2,20.4,3.44,37.0,27.3,59.4,8.7,278.5,1010.4,0.0
2026-09-04T10:00:00Z,Faridabad,28.4089,77.3178,344,177.3,297.1,95.5,20.5,3.45,49.5,29.8,52.9,9.2,273.4,1011.2,0.0
2026-09-04T11:00:00Z,Faridabad,28.4089,77.3178,341,172.9,287.4,71.7,20.8,2.59,56.7,30.2,49.7,11.0,272.6,1011.3,0.0
2026-09-04T12:00:00Z,Faridabad,28.4089,77.3178,333,163.3,269.2,70.4,20.4,2.55,64.4,31.8,47.1,12.1,284.0,1011.8,0.0
2026-09-04T13:00:00Z,Faridabad,28.4089,77.3178,332,161.8,264.7,72.2,20.9,2.61,62.6,32.6,45.5,11.9,290.0,1011.7,0.0
2026-09-04T14:00:00Z,Faridabad,28.4089,77.3178,334,163.7,266.1,75.0,21.7,2.71,59.9,33.0,46.1,11.9,281.1,1011.2,0.0
2026-09-04T15:00:00Z,Faridabad,28.4089,77.3178,325,152.9,247.6,71.3,20.6,2.58,55.0,31.9,43.3,12.6,286.7,1010.7,0.0
2026-09-04T16:00:00Z,Faridabad,28.4089,77.3178,326,154.1,249.1,72.3,20.9,2.61,41.7,32.0,48.1,12.2,286.6,1009.6,0.0
2026-09-04T17:00:00Z,Faridabad,28.4089,77.3178,320,145.7,236.0,68.0,19.7,2.46,31.9,30.7,48.2,11.2,293.2,1009.2,0.0
2026-09-04T18:00:00Z,Faridabad,28.4089,77.3178,328,155.8,253.4,103.6,20.7,3.75,17.7,30.0,53.1,10.0,300.8,1009.3,0.0
2026-09-04T19:00:00Z,Faridabad,28.4089,77.3178,339,170.9,279.5,110.6,22.1,4.0,18.4,28.2,59.1,9.6,296.6,1009.4,0.0
2026-09-04T20:00:00Z,Faridabad,28.4089,77.3178,341,172.7,284.8,108.0,21.5,3.91,16.3,27.0,63.7,8.1,303.4,1009.7,0.0
2026-09-04T21:00:00Z,Faridabad,28.4089,77.3178,344,176.5,293.4,106.2,21.2,3.84,19.3,25.6,69.5,6.3,307.4,1010.5,0.0
2026-09-04T22:00:00Z,Faridabad,28.4089,77.3178,419,275.4,461.5,81.9,22.9,2.92,17.5,23.0,76.3,4.4,300.2,1011.3,0.0
2026-09-04T23:00:00Z,Faridabad,28.4089,77.3178,437,291.8,492.7,83.6,23.3,2.97,18.5,22.2,78.9,3.5,315.8,1011.8,0.0
2026-09-05T00:00:00Z,Faridabad,28.4089,77.3178,435,287.2,488.1,79.5,22.2,2.83,16.8,20.5,79.6,2.9,310.6,1011.6,0.0
2026-09-05T01:00:00Z,Faridabad,28.4089,77.3178,461,312.6,533.9,58.9,23.5,2.09,17.7,21.0,82.4,3.3,317.8,1011.4,0.0
2026-09-05T02:00:00Z,Faridabad,28.4089,77.3178,444,293.6,503.4,54.1,21.6,1.93,16.5,21.3,83.2,2.2,298.2,1011.4,0.0
2026-09-05T03:00:00Z,Faridabad,28.4089,77.3178,468,317.6,545.8,57.8,23.0,2.06,17.4,20.4,82.7,3.3,296.7,1010.6,0.0
2026-09-05T04:00:00Z,Faridabad,28.4089,77.3178,446,294.7,506.7,53.4,21.3,1.9,17.5,21.9,83.1,3.1,306.5,1009.8,0.0
2026-09-05T05:00:00Z,Faridabad,28.4089,77.3178,447,296.6,509.6,77.1,21.5,2.74,19.7,22.1,78.4,4.6,298.4,1009.3,0.0
2026-09-05T06:00:00Z,Faridabad,28.4089,77.3178,355,191.6,328.4,67.6,19.6,2.45,16.1,24.0,72.3,6.2,298.4,1009.1,0.0
2026-09-05T07:00:00Z,Faridabad,28.4089,77.3178,366,205.9,351.6,74.3,21.5,2.68,17.7,25.3,69.1,6.2,300.9,1009.2,0.0
2026-09-05T08:00:00Z,Faridabad,28.4089,77.3178,358,195.9,333.0,98.2,21.0,3.55,27.8,26.4,65.4,7.7,286.0,1009.7,0.0
2026-09-05T09:00:00Z,Faridabad,28.4089,77.3178,361,199.6,336.9,103.4,22.2,3.74,37.9,28.0,58.1,8.0,286.5,1010.5,0.0
2026-09-05T10:00:00Z,Faridabad,28.4089,77.3178,349,184.0,308.3,99.1,21.2,3.58,50.2,29.5,53.6,9.8,279.3,1011.4,0.0
2026-09-05T11:00:00Z,Faridabad,28.4089,77.3178,353,188.5,313.3,78.2,22.6,2.83,59.8,30.1,49.8,11.1,273.4,1011.7,0.0
2026-09-05T12:00:00Z,Faridabad,28.4089,77.3178,337,167.6,276.3,72.3,20.9,2.61,64.4,32.1,46.5,10.6,287.8,1011.5,0.0
2026-09-05T13:00:00Z,Faridabad,28.4089,77.3178,324,151.1,247.1,67.4,19.5,2.44,65.3,33.0,42.6,12.1,286.5,1011.4,0.0
2026-09-05T14:00:00Z,Faridabad,28.4089,77.3178,328,156.4,254.2,71.7,20.7,2.59,63.2,32.9,43.8,12.0,281.4,1011.2,0.0
2026-09-05T15:00:00Z,Faridabad,28.4089,77.3178,332,161.3,261.1,75.2,21.8,2.72,54.3,32.8,43.6,10.9,292.9,1010.6,0.0
2026-09-05T16:00:00Z,Faridabad,28.4089,77.3178,112,64.1,103.6,66.0,20.2,2.45,42.0,31.0,46.5,10.7,278.5,1010.2,3.3
2026-09-05T17:00:00Z,Faridabad,28.4089,77.3178,260,108.3,175.3,72.0,21.5,2.64,28.4,30.1,49.9,11.4,286.7,1009.2,1.9
2026-09-05T18:00:00Z,Faridabad,28.4089,77.3178,117,61.8,100.5,90.3,19.1,3.35,18.8,28.9,52.4,9.9,288.0,1009.3,3.3
2026-09-05T19:00:00Z,Faridabad,28.4089,77.3178,303,123.9,202.7,106.7,21.8,3.9,16.6,28.0,60.3,9.4,295.7,1009.2,1.6
2026-09-05T20:00:00Z,Faridabad,28.4089,77.3178,340,172.1,283.7,107.6,21.5,3.89,16.8,26.5,66.5,8.0,297.3,1009.9,0.0
2026-09-05T21:00:00Z,Faridabad,28.4089,77.3178,335,165.6,275.3,99.7,19.9,3.6,17.6,25.3,68.4,6.6,310.7,1010.3,0.0
2026-09-05T22:00:00Z,Faridabad,28.4089,77.3178,417,272.6,456.8,81.1,22.6,2.89,17.9,23.2,75.2,5.8,308.6,1011.0,0.0
2026-09-05T23:00:00Z,Faridabad,28.4089,77.3178,428,282.0,476.1,80.8,22.5,2.87,19.8,21.7,80.0,3.3,318.0,1011.5,0.0
2026-09-06T00:00:00Z,Faridabad,28.4089,77.3178,428,280.6,476.8,77.7,21.7,2.76,19.7,21.6,79.0,4.4,312.7,1012.0,0.0
2026-09-06T01:00:00Z,Faridabad,28.4089,77.3178,436,286.8,489.9,54.0,21.5,1.92,19.1,21.3,82.5,2.7,301.5,1011.6,0.0
2026-09-06T02:00:00Z,Faridabad,28.4089,77.3178,457,307.3,526.8,56.7,22.6,2.02,16.7,20.9,85.2,3.2,301.9,1011.0,0.0
2026-09-06T03:00:00Z,Faridabad,28.4089,77.3178,434,283.0,486.2,51.5,20.5,1.83,17.8,20.8,84.2,3.8,295.8,1010.3,0.0
2026-09-06T04:00:00Z,Faridabad,28.4089,77.3178,476,324.8,558.5,58.8,23.4,2.09,18.6,20.9,80.2,3.0,293.0,1009.7,0.0
2026-09-06T05:00:00Z,Faridabad,28.4089,77.3178,470,319.4,548.7,83.0,23.1,2.95,16.5,22.8,80.4,4.6,303.0,1009.2,0.0
2026-09-06T06:00:00Z,Faridabad,28.4089,77.3178,458,307.5,527.2,81.0,22.6,2.88,17.0,23.8,76.0,5.4,304.3,1009.5,0.0
2026-09-06T07:00:00Z,Faridabad,28.4089,77.3178,361,199.0,339.8,71.8,20.8,2.59,19.6,24.9,71.4,6.6,299.6,1009.3,0.0
2026-09-06T08:00:00Z,Faridabad,28.4089,77.3178,355,192.0,326.2,96.2,20.6,3.48,27.3,26.9,63.1,6.8,279.0,1010.1,0.0
2026-09-06T09:00:00Z,Faridabad,28.4089,77.3178,363,202.0,341.1,104.7,22.4,3.79,38.3,27.3,61.1,8.2,283.2,1010.5,0.0
2026-09-06T10:00:00Z,Faridabad,28.4089,77.3178,351,186.2,312.0,100.3,21.5,3.63,50.8,29.0,54.0,9.0,287.4,1010.9,0.0
2026-09-06T11:00:00Z,Faridabad,28.4089,77.3178,341,173.4,288.3,72.0,20.8,2.6,60.6,31.1,47.9,9.8,281.9,1011.4,0.0
2026-09-06T12:00:00Z,Faridabad,28.4089,77.3178,341,173.7,286.4,74.9,21.7,2.71,64.5,31.1,47.4,12.3,283.3,1011.6,0.0
2026-09-06T13:00:00Z,Faridabad,28.4089,77.3178,340,171.7,280.8,76.6,22.2,2.77,65.6,32.4,44.8,12.7,280.3,1011.5,0.0
2026-09-06T14:00:00Z,Faridabad,28.4089,77.3178,329,157.9,256.7,72.4,20.9,2.62,61.4,33.0,44.2,11.0,291.1,1011.3,0.0
2026-09-06T15:00:00Z,Faridabad,28.4089,77.3178,336,167.1,270.5,77.9,22.5,2.82,52.3,33.0,44.0,12.2,282.4,1010.6,0.0
2026-09-06T16:00:00Z,Faridabad,28.4089,77.3178,330,158.4,256.0,74.3,21.5,2.69,40.7,31.8,49.0,10.6,286.7,1010.1,0.0
2026-09-06T17:00:00Z,Faridabad,28.4089,77.3178,330,158.9,257.2,74.1,21.4,2.68,29.9,30.0,49.3,10.1,295.0,1009.7,0.0
2026-09-06T18:00:00Z,Faridabad,28.4089,77.3178,334,163.9,266.5,109.0,21.7,3.94,18.4,28.8,54.7,10.2,287.8,1009.1,0.0
2026-09-06T19:00:00Z,Faridabad,28.4089,77.3178,340,171.4,280.4,110.9,22.1,4.01,17.8,28.0,56.6,8.7,295.0,1009.5,0.0
2026-09-06T20:00:00Z,Faridabad,28.4089,77.3178,329,158.1,260.6,98.8,19.7,3.57,19.2,27.3,61.7,6.6,308.3,1009.6,0.0
2026-09-06T21:00:00Z,Faridabad,28.4089,77.3178,344,177.2,294.5,106.6,21.3,3.85,19.7,25.2,69.0,6.7,313.1,1010.3,0.0
2026-09-06T22:00:00Z,Faridabad,28.4089,77.3178,377,219.4,367.7,71.0,20.0,2.54,18.8,22.8,72.2,5.6,307.4,1011.4,0.0
2026-09-06T23:00:00Z,Faridabad,28.4089,77.3178,418,272.2,459.6,78.0,21.7,2.77,16.7,21.7,76.5,3.4,305.6,1011.7,0.0
2026-09-07T00:00:00Z,Faridabad,28.4089,77.3178,419,271.0,460.5,75.0,20.9,2.67,19.2,21.4,82.9,2.8,309.9,1011.9,0.0
2026-09-07T01:00:00Z,Faridabad,28.4089,77.3178,463,314.1,536.5,59.2,23.6,2.1,18.3,20.6,84.9,4.1,313.1,1011.4,0.0
2026-09-07T02:00:00Z,Faridabad,28.4089,77.3178,440,290.3,497.7,53.5,21.3,1.9,16.5,19.9,85.7,3.6,313.3,1011.2,0.0
2026-09-07T03:00:00Z,Faridabad,28.4089,77.3178,473,322.7,554.5,58.7,23.4,2.09,16.2,20.1,82.9,3.5,306.7,1010.5,0.0
2026-09-07T04:00:00Z,Faridabad,28.4089,77.3178,454,302.9,520.8,54.9,21.9,1.95,16.0,20.7,83.1,3.8,308.1,1009.6,0.0
2026-09-07T05:00:00Z,Faridabad,28.4089,77.3178,468,317.0,544.7,82.4,23.0,2.93,19.1,21.7,76.1,4.6,306.6,1009.4,0.0
2026-09-07T06:00:00Z,Faridabad,28.4089,77.3178,436,286.1,490.4,81.9,23.1,2.93,18.4,23.8,72.5,5.5,295.5,1009.2,0.0
2026-09-07T07:00:00Z,Faridabad,28.4089,77.3178,370,210.4,359.4,75.9,21.9,2.74,17.4,24.2,67.6,6.3,300.1,1009.5,0.0
2026-09-07T08:00:00Z,Faridabad,28.4089,77.3178,355,191.3,325.1,95.8,20.5,3.47,29.1,25.7,62.7,6.7,288.1,1009.7,0.0
2026-09-07T09:00:00Z,Faridabad,28.4089,77.3178,346,179.8,303.6,93.2,20.0,3.37,40.3,28.1,57.4,9.2,287.6,1010.4,0.0
2026-09-07T10:00:00Z,Faridabad,28.4089,77.3178,338,168.7,282.7,90.8,19.5,3.28,48.7,29.8,56.3,9.7,275.5,1011.2,0.0
2026-09-07T11:00:00Z,Faridabad,28.4089,77.3178,333,162.2,269.5,67.3,19.5,2.43,59.0,30.4,49.5,10.4,286.6,1011.7,0.0
2026-09-07T12:00:00Z,Faridabad,28.4089,77.3178,346,179.0,295.1,77.2,22.3,2.79,65.2,32.4,45.1,12.0,279.7,1011.5,0.0
2026-09-07T13:00:00Z,Faridabad,28.4089,77.3178,339,170.0,278.1,75.8,21.9,2.74,64.4,32.4,43.8,11.2,284.0,1011.4,0.0
2026-09-07T14:00:00Z,Faridabad,28.4089,77.3178,329,157.6,256.3,72.3,20.9,2.61,60.5,31.9,45.2,12.7,279.5,1010.9,0.0
2026-09-07T15:00:00Z,Faridabad,28.4089,77.3178,321,146.6,237.3,68.4,19.8,2.47,55.3,32.9,42.9,12.7,283.5,1010.4,0.0
2026-09-07T16:00:00Z,Faridabad,28.4089,77.3178,318,143.8,232.5,67.5,19.5,2.44,40.5,31.9,49.1,10.8,280.0,1010.0,0.0
2026-09-07T17:00:00Z,Faridabad,28.4089,77.3178,330,158.2,256.1,73.8,21.3,2.67,31.5,31.3,49.7,10.0,288.0,1009.7,0.0
2026-09-07T18:00:00Z,Faridabad,28.4089,77.3178,322,147.9,240.4,98.3,19.6,3.55,19.4,29.7,54.6,9.1,304.4,1009.5,0.0
2026-09-07T19:00:00Z,Faridabad,28.4089,77.3178,338,168.7,276.0,109.1,21.8,3.95,18.9,28.0,61.3,8.8,305.6,1009.3,0.0
2026-09-07T20:00:00Z,Faridabad,28.4089,77.3178,330,158.9,262.0,99.4,19.8,3.59,18.3,26.1,63.1,7.7,310.3,1010.0,0.0
2026-09-07T21:00:00Z,Faridabad,28.4089,77.3178,377,220.3,366.2,110.7,21.6,3.96,17.9,24.2,71.6,5.4,305.0,1010.7,0.2
2026-09-07T22:00:00Z,Faridabad,28.4089,77.3178,395,243.3,407.7,72.4,20.2,2.58,18.9,24.0,75.6,5.2,302.8,1011.1,0.0
2026-09-07T23:00:00Z,Faridabad,28.4089,77.3178,419,273.3,461.4,78.3,21.8,2.78,17.2,23.0,76.3,3.9,312.4,1011.3,0.0
2026-09-08T00:00:00Z,Faridabad,28.4089,77.3178,443,296.0,503.0,82.0,22.9,2.92,19.5,21.6,83.1,4.1,300.5,1011.7,0.0
2026-09-08T01:00:00Z,Faridabad,28.4089,77.3178,458,308.7,527.3,58.1,23.2,2.07,16.3,20.6,84.8,2.9,308.8,1011.6,0.0
2026-09-08T02:00:00Z,Faridabad,28.4089,77.3178,470,319.5,547.7,58.9,23.5,2.1,18.2,21.1,83.2,2.1,306.5,1011.0,0.0
2026-09-08T03:00:00Z,Faridabad,28.4089,77.3178,431,280.6,482.2,51.1,20.3,1.82,19.8,21.2,84.8,2.3,313.2,1010.6,0.0
2026-09-08T04:00:00Z,Faridabad,28.4089,77.3178,448,297.0,510.6,53.8,21.4,1.91,16.7,21.6,83.3,2.8,299.8,1010.0,0.0
2026-09-08T05:00:00Z,Faridabad,28.4089,77.3178,440,289.5,497.4,75.3,21.0,2.68,16.5,22.4,76.0,4.7,293.0,1009.7,0.0
2026-09-08T06:00:00Z,Faridabad,28.4089,77.3178,460,309.9,531.2,81.6,22.8,2.9,16.9,23.5,76.2,5.4,304.2,1009.1,0.0
2026-09-08T07:00:00Z,Faridabad,28.4089,77.3178,359,196.3,335.3,70.8,20.5,2.56,17.9,24.7,68.0,6.7,286.7,1009.2,0.0
2026-09-08T08:00:00Z,Faridabad,28.4089,77.3178,353,189.1,321.4,94.8,20.3,3.43,28.7,26.5,62.1,7.9,291.1,1009.9,0.0
2026-09-08T09:00:00Z,Faridabad,28.4089,77.3178,362,200.9,339.2,104.2,22.3,3.77,37.7,28.5,61.1,9.3,293.2,1010.2,0.0
2026-09-08T10:00:00Z,Faridabad,28.4089,77.3178,343,175.5,294.1,94.5,20.2,3.42,49.0,28.8,56.0,9.3,291.1,1010.9,0.0
2026-09-08T11:00:00Z,Faridabad,28.4089,77.3178,352,188.1,312.6,78.1,22.6,2.82,57.0,30.7,51.7,10.7,283.1,1011.4,0.0
2026-09-08T12:00:00Z,Faridabad,28.4089,77.3178,328,156.6,258.1,67.5,19.5,2.44,65.3,31.1,45.9,11.3,282.9,1011.6,0.0
2026-09-08T13:00:00Z,Faridabad,28.4089,77.3178,336,166.5,272.4,74.3,21.5,2.69,62.5,31.9,46.9,12.1,278.7,1011.4,0.0
2026-09-08T14:00:00Z,Faridabad,28.4089,77.3178,322,149.0,242.3,68.3,19.8,2.47,61.8,32.6,45.0,12.7,280.9,1011.0,0.0
2026-09-08T15:00:00Z,Faridabad,28.4089,77.3178,319,144.4,233.7,67.3,19.5,2.43,53.5,31.8,43.5,11.8,293.8,1010.7,0.0
2026-09-08T16:00:00Z,Faridabad,28.4089,77.3178,336,166.4,269.0,78.1,22.6,2.82,44.7,31.6,45.0,12.2,291.7,1009.8,0.0
2026-09-08T17:00:00Z,Faridabad,28.4089,77.3178,324,151.1,244.6,70.5,20.4,2.55,28.7,31.1,50.7,10.0,285.9,1009.2,0.0
2026-09-08T18:00:00Z,Faridabad,28.4089,77.3178,327,154.4,251.0,102.6,20.5,3.71,17.5,29.1,52.4,9.9,285.7,1009.2,0.0
2026-09-08T19:00:00Z,Faridabad,28.4089,77.3178,333,162.7,266.2,105.3,21.0,3.81,16.6,28.1,57.1,8.3,307.3,1009.4,0.0
2026-09-08T20:00:00Z,Faridabad,28.4089,77.3178,334,163.8,270.1,102.4,20.4,3.7,18.8,26.4,63.1,6.5,307.3,1010.2,0.0
2026-09-08T21:00:00Z,Faridabad,28.4089,77.3178,335,165.1,274.4,99.3,19.8,3.59,18.3,24.9,68.1,7.2,315.2,1010.5,0.0
2026-09-08T22:00:00Z,Faridabad,28.4089,77.3178,379,223.0,373.6,72.1,20.4,2.58,18.2,24.2,73.7,5.6,312.6,1011.3,0.0
2026-09-08T23:00:00Z,Faridabad,28.4089,77.3178,404,254.6,429.9,72.9,20.3,2.59,18.6,22.0,77.7,5.0,308.4,1011.3,0.0
